kind,removed,stable,final_norm,peak,mean_tail,delta_mean_tail,max_abs_final
full,,1,0.0905616931132559,0.245,0.08179413397221197,0,0.06657531159925456
term_no_pair,,1,0.0824178557867703,0.245,0.07294172591200672,-0.00885240806020525,0.06506131981370251
term_no_triple,,1,0.09068838251732399,0.245,0.08196100060164868,0.0001668666294367127,0.06653882262749881
term_linear_only,,1,0.08251789179637975,0.245,0.07306186253503649,-0.008732271437175476,0.06511100763131693
remove1,E,1,0.08473613132626319,0.245,0.07511986038941426,-0.006674273582797707,0.06705112806183863
remove1,M,1,0.09226801499493748,0.245,0.0823645083985782,0.0005703744263662325,0.06757882135685875
remove1,S,1,0.08770551167121741,0.245,0.07756364027168465,-0.0042304937005273185,0.06885636208158474
remove1,F,1,0.0624181008104488,0.245,0.07082323238205536,-0.01097090159015661,0.035607527373046545
remove1,W,1,0.0960856184169829,0.245,0.08722031728847947,0.005426183316267499,0.06837924844190231
remove1,T,1,0.09111457066328359,0.245,0.07966063229966572,-0.0021335016725462508,0.06816605000011437
remove1,I,1,0.08180476541462359,0.245,0.07329803039772312,-0.00849610357448885,0.06393206330284007
remove1,R,1,0.0876760487660564,0.245,0.08137365644247531,-0.00042047752973665975,0.05974385543189977
remove1,H,1,0.09789533355173537,0.245,0.08803713448385152,0.006243000511639549,0.07129589021836928
remove1,P,1,0.08830084545705079,0.245,0.07688000407553053,-0.004914129896681441,0.06800701175776873
remove1,A,1,0.0833750201779662,0.22999999999999998,0.07667179365457956,-0.0051223403176324095,0.06332650381590518
remove2,EM,1,0.08753978142609853,0.245,0.07684409794238516,-0.004950036029826813,0.0679757292445432
remove2,ES,1,0.08210193733226766,0.245,0.07084216778662397,-0.010951966185587997,0.06932534923063974
remove2,EF,1,0.05142854756876618,0.245,0.06139306358536676,-0.02040107038684521,0.023644831740172137
remove2,EW,1,0.08730173790767216,0.245,0.07686659526352047,-0.0049275387086915035,0.06907436820577906
remove2,ET,1,0.08745252136174718,0.245,0.07513194669826684,-0.0066621872739451304,0.06833887625763332
remove2,EI,1,0.07627988478369102,0.245,0.06702805445024874,-0.014766079521963224,0.06420876066107123
remove2,ER,1,0.08054013617691057,0.245,0.07326127131026426,-0.008532862661947707,0.06054919308976249
remove2,EH,1,0.08964278163651072,0.245,0.07821194403471207,-0.0035821899374998967,0.0719260917658163
remove2,EP,1,0.08493465383405463,0.245,0.07276126837849915,-0.009032865593712816,0.06800246113835481
remove2,EA,1,0.078339018487238,0.22999999999999998,0.07153342713284139,-0.010260706839370581,0.0634956894063695
remove2,MS,1,0.08898699885377874,0.245,0.07648740510733977,-0.005306728864872198,0.07015761404203262
remove2,MF,1,0.06336463278684022,0.245,0.07018951519367077,-0.0116046187785412,0.03340444904967894
remove2,MW,1,0.09707459158412876,0.245,0.08737450025023953,0.005580366278027563,0.06924652769452869
remove2,MT,1,0.09233192978592725,0.245,0.08192064475178805,0.0001265107795760806,0.06877951822692178
remove2,MI,1,0.08091623773546501,0.245,0.06798339230324767,-0.013810741668964302,0.06495348310530714
remove2,MR,1,0.08921618975089896,0.245,0.0813361188205413,-0.0004580151516706682,0.06063120026091006
remove2,MH,1,0.09916577214261803,0.245,0.08881345392131026,0.007019319949098296,0.07208008183187616
remove2,MP,1,0.08986667525932815,0.245,0.07894416999838079,-0.0028499639738311794,0.0687418194442977
remove2,MA,1,0.0803990551371441,0.22999999999999998,0.06753933632578658,-0.014254797646425385,0.06428741504764986
remove2,SF,1,0.054340678398680176,0.245,0.06345041099627702,-0.01834372297593495,0.03406607173255241
remove2,SW,1,0.09266921215315485,0.245,0.08220669150106254,0.0004125575288505684,0.07080864765110054
remove2,ST,1,0.08819091502406895,0.245,0.07544638510764966,-0.006347748864562311,0.07021300805825638
remove2,SI,1,0.08240458401271537,0.245,0.07348271358076555,-0.008311420391446417,0.06581384602328362
remove2,SR,1,0.08169247422062478,0.245,0.07336245133895233,-0.008431682633259635,0.06179789831397558
remove2,SH,1,0.09479765717831626,0.245,0.08341102281302576,0.0016168888408137905,0.07378395369324227
remove2,SP,1,0.08616108923830561,0.245,0.07358952332147477,-0.008204610650737201,0.07003018056547247
remove2,SA,1,0.08343012272407867,0.22999999999999998,0.07616126697400215,-0.005632866998209821,0.06524880214257037
remove2,FW,1,0.069129543000641,0.245,0.07663211097866973,-0.005162022993542237,0.043207470874437624
remove2,FT,1,0.05978194879098756,0.245,0.06585905460169274,-0.01593507937051923,0.03035353040621502
remove2,FI,1,0.05327071658814546,0.245,0.06318751132366429,-0.018606622648547677,0.03306676502850102
remove2,FR,1,0.06555169024426544,0.245,0.07409766336410957,-0.007696470608102399,0.037606711662500944
remove2,FH,1,0.06769112634174115,0.245,0.07474087248695178,-0.007053261485260184,0.04283759408071805
remove2,FP,1,0.05631962120560031,0.245,0.06326590000515483,-0.018528233967057134,0.027554706526072465
remove2,FA,1,0.05758152591980296,0.22999999999999998,0.06837903134365937,-0.013415102628552597,0.03349534379886621
remove2,WT,1,0.09597408095044886,0.245,0.08380384650004025,0.002009712527828278,0.07028954972686147
remove2,WI,1,0.08676493603655769,0.245,0.07775223184619652,-0.004041902126015448,0.0658152383640228
remove2,WR,1,0.09319570598401963,0.245,0.08670970077184119,0.00491556679962922,0.06167100545633069
remove2,WH,1,0.10175574421908475,0.245,0.09271737364952845,0.010923239677316482,0.07186832916791183
remove2,WP,1,0.0922469488592692,0.245,0.07935985236690746,-0.0024342816053045113,0.07055273759633338
remove2,WA,1,0.08879289513314818,0.22999999999999998,0.0815912389114886,-0.00020289506072336538,0.06516885197755806
remove2,TI,1,0.07848274980115515,0.245,0.0655352634606215,-0.016258870511590473,0.065418413164033
remove2,TR,1,0.08672817747720331,0.245,0.07726476568759341,-0.004529368284618557,0.06125794566597897
remove2,TH,1,0.0978808588021278,0.245,0.08568232536958963,0.0038881913973776577,0.07258359159212675
remove2,TP,1,0.09130227713282738,0.245,0.07897450270255715,-0.0028196312696548154,0.0690464626513427
remove2,TA,1,0.07599889275113433,0.22999999999999998,0.06360799756728544,-0.01818613640492653,0.06490059543600436
remove2,IR,1,0.07681093438623977,0.245,0.07103221907493834,-0.010761914897273628,0.056309497000651416
remove2,IH,1,0.08795860932669711,0.245,0.07768972705999594,-0.00410440691221603,0.0686461802693771
remove2,IP,1,0.07947213628576077,0.245,0.06807696638440809,-0.013717167587803877,0.06548352470045539
remove2,IA,1,0.08198097350329449,0.22999999999999998,0.07664915260386938,-0.0051449813683425855,0.06179404193577086
remove2,RH,1,0.09480970755380431,0.245,0.08689041016482246,0.005096276192610494,0.0643272093320804
remove2,RP,1,0.08364224831686473,0.245,0.07437073631109198,-0.00742339766111999,0.06099158322732589
remove2,RA,1,0.08163121541619052,0.22999999999999998,0.07735433976530053,-0.004439794206911443,0.057376039126429725
remove2,HP,1,0.09480715190052155,0.245,0.08123107576616274,-0.0005630582060492245,0.07354019200643838
remove2,HA,1,0.08920517712189176,0.22999999999999998,0.08054910535734262,-0.0012450286148693451,0.06810022560259407
remove2,PA,1,0.07693448131093411,0.21500000000000002,0.06617630857829401,-0.015617825393917956,0.06482756819180605
remove3,EMS,1,0.08436897557558089,0.245,0.07058453400321317,-0.011209599968998799,0.07054729906099287
remove3,EMF,1,0.05433321195516891,0.245,0.06226579885976902,-0.01952833511244295,0.028993442665094224
remove3,EMW,1,0.0895927215061983,0.245,0.07857166380635439,-0.0032224701658575827,0.06981263069893894
remove3,EMT,1,0.08922589824398354,0.245,0.07823761903542831,-0.0035565149367836613,0.0689382018931226
remove3,EMI,1,0.07624686745556983,0.245,0.061953579479416154,-0.019840554492795814,0.06509130745474204
remove3,EMR,1,0.08338162713873218,0.245,0.07460090776018007,-0.007193226212031903,0.06135123632373609
remove3,EMH,1,0.09215802719908907,0.245,0.08052890490232038,-0.0012652290698915852,0.0725827028334949
remove3,EMP,1,0.08713867790390738,0.245,0.07559356358617852,-0.006200570386033444,0.06872797785189266
remove3,EMA,1,0.07628687495646558,0.22999999999999998,0.06255642684156841,-0.019237707130643558,0.06427165919730164
remove3,ESF,1,0.04228435068467966,0.245,0.05331676485060232,-0.02847736912160965,0.018820558514043774
remove3,ESW,1,0.08426015363258137,0.245,0.07191630535582934,-0.00987782861638263,0.0714777564922144
remove3,EST,1,0.084392857327887,0.245,0.07049499657971282,-0.011299137392499145,0.07039137436624854
remove3,ESI,1,0.07726667875390171,0.245,0.06754640650493213,-0.014247727467279842,0.0660976718594566
remove3,ESR,1,0.07457030454551544,0.245,0.06477834593378427,-0.017015788038427695,0.06257683641203109
remove3,ESH,1,0.08691071135241318,0.245,0.07364459304857486,-0.008149540923637108,0.07438824130455497
remove3,ESP,1,0.08268277289850277,0.245,0.06910467831294435,-0.012689455659267615,0.07002945056294965
remove3,ESA,1,0.07868472017085244,0.22999999999999998,0.07121154764774858,-0.010582586324463392,0.0654251842971015
remove3,EFW,1,0.05262135096151172,0.245,0.061765616925374654,-0.020028517046837314,0.024517791926134652
remove3,EFT,1,0.05268624967631746,0.245,0.0593262409444528,-0.022467893027759166,0.030470942062943315
remove3,EFI,1,0.04228273881544124,0.245,0.054324058417698974,-0.027470075554512995,0.025420049037046165
remove3,EFR,1,0.05363892617737772,0.245,0.06373401593241172,-0.018060118039800246,0.02621573039480431
remove3,EFH,1,0.05111059770329668,0.245,0.059789537169608706,-0.022004596802603263,0.024883894660958833
remove3,EFP,1,0.04996517762950311,0.245,0.05755274200474786,-0.02424139196746411,0.027791563223978872
remove3,EFA,1,0.047983531159535804,0.22999999999999998,0.06098253987375539,-0.02081159409845658,0.029993815497586295
remove3,EWT,1,0.09011500237514868,0.245,0.07660083043810705,-0.005193303534104923,0.0706103083414559
remove3,EWI,1,0.07821725759604954,0.245,0.0676937606786255,-0.014100373293586474,0.066316843226451
remove3,EWR,1,0.08302149256062476,0.245,0.07486018526622461,-0.006933948705987361,0.062623775880009
remove3,EWH,1,0.09142572510087436,0.245,0.08004588115993976,-0.0017482528122722135,0.07281080208361995
remove3,EWP,1,0.08706866759868985,0.245,0.07302808731255478,-0.00876604665965719,0.0706569339417612
remove3,EWA,1,0.08050931262260252,0.22999999999999998,0.0725600234366446,-0.009234110535567372,0.06558334352538432
remove3,ETI,1,0.07424163733023131,0.245,0.05990691646175949,-0.02188721751045248,0.06531811182931449
remove3,ETR,1,0.08228497791809954,0.245,0.07177033016793814,-0.010023803804273826,0.06179143312781625
remove3,ETH,1,0.0924273396940143,0.245,0.07897733076578063,-0.002816803206431337,0.07279265473202487
remove3,ETP,1,0.08907999995397752,0.245,0.07609542845100825,-0.005698705521203717,0.06888291833024988
remove3,ETA,1,0.07202548954863283,0.22999999999999998,0.0586497501488768,-0.02314438382333517,0.06465046697586632
remove3,EIR,1,0.06983924166925098,0.245,0.06318491766348316,-0.018609216308728804,0.05692976455961888
remove3,EIH,1,0.0799299872703305,0.245,0.06807133809221864,-0.013722795879993324,0.06908982891736624
remove3,EIP,1,0.07580097130502306,0.245,0.06355751068755046,-0.01823662328466151,0.0653130701758152
remove3,EIA,1,0.07743411681493385,0.22999999999999998,0.07228521538946085,-0.009508918582751116,0.06182997338343975
remove3,ERH,1,0.08441855214017917,0.245,0.07461498514398453,-0.007179148828227441,0.06533684694163269
remove3,ERP,1,0.07972298947606922,0.245,0.06956909923428144,-0.012225034737930532,0.061349105138498373
remove3,ERA,1,0.07541504665700803,0.22999999999999998,0.07094027983440286,-0.010853854137809107,0.057892451503700856
remove3,EHP,1,0.09006198958313666,0.245,0.07533480062233269,-0.006459333349879276,0.07356325249690045
remove3,EHA,1,0.08148850068554736,0.22999999999999998,0.07199425733629555,-0.009799876635916416,0.06843398544301085
remove3,EPA,1,0.07348073979649523,0.21500000000000002,0.062173763902979934,-0.019620370069232035,0.06439603415017897
remove3,MSF,1,0.05359863230020975,0.245,0.059833816377426866,-0.021960317594785103,0.031494413513108006
remove3,MSW,1,0.09327117120557976,0.245,0.08087299224056065,-0.0009211417316513232,0.07194175361102019
remove3,MST,1,0.08965880339025864,0.245,0.07700456067102193,-0.0047895733011900365,0.07109884964422958
remove3,MSI,1,0.0813719312787187,0.245,0.06720076233468752,-0.014593371637524444,0.06709611360793204
remove3,MSR,1,0.08214100073526298,0.245,0.07044267862593527,-0.011351455346276698,0.06295978925763862
remove3,MSH,1,0.09583418126548397,0.245,0.08290342599348867,0.0011092920212767005,0.07484517259157099
remove3,MSP,1,0.08783206223039489,0.245,0.0747698663618158,-0.007024267610396165,0.07102028702068879
remove3,MSA,1,0.07997464918094514,0.22999999999999998,0.06543348749690617,-0.0163606464753058,0.0665027413648903
remove3,MFW,1,0.0692089112812879,0.245,0.07562309747385859,-0.006171036498353377,0.040902748518381146
remove3,MFT,1,0.06120457556568366,0.245,0.06805749668636157,-0.013736637285850395,0.033566287942972006
remove3,MFI,1,0.04952603754338856,0.245,0.05532599725348891,-0.026468136718723057,0.029852977037995165
remove3,MFR,1,0.0664733685888367,0.245,0.07318764057079925,-0.008606493401412715,0.03531749670107297
remove3,MFH,1,0.0683286918581664,0.245,0.07452626071786518,-0.007267873254346788,0.04057027178456633
remove3,MFP,1,0.057920747144759865,0.245,0.0649130734013143,-0.016881060570897666,0.031514746348783255
remove3,MFA,1,0.05108198901960427,0.22999999999999998,0.056714037764611855,-0.025080096207600114,0.029628727922734268
remove3,MWT,1,0.09639996464574088,0.245,0.08563930321323618,0.00384516924102421,0.07076684184471328
remove3,MWI,1,0.08535005971937303,0.245,0.07252973375181468,-0.00926440022039729,0.06669698748461768
remove3,MWR,1,0.09404832652655544,0.245,0.08630807491949616,0.00451394094728419,0.06241048089056159
remove3,MWH,1,0.10246836977535985,0.245,0.09296228342088364,0.011168149448671671,0.07258744138857122
remove3,MWP,1,0.09305401948474136,0.245,0.08122241926758804,-0.0005717147046239296,0.07112125682615901
remove3,MWA,1,0.08536041147490014,0.22999999999999998,0.07269791539976167,-0.009096218572450299,0.06599901475067271
remove3,MTI,1,0.07955582586260326,0.245,0.06530907533731992,-0.016485058634892052,0.06608196588065679
remove3,MTR,1,0.08832562088870972,0.245,0.0796589789313187,-0.0021351550408932746,0.06179069547138797
remove3,MTH,1,0.09850193936177229,0.245,0.08762631956222347,0.005832185590011502,0.07303966882264928
remove3,MTP,1,0.09136278850411594,0.245,0.08066054393895752,-0.0011335900332544446,0.06951258713905978
remove3,MTA,1,0.07629717634712725,0.22999999999999998,0.060724594519185465,-0.021069539453026503,0.06550552465185597
remove3,MIR,1,0.0743122468437589,0.245,0.06294985371271448,-0.018844280259497484,0.05711533336702316
remove3,MIH,1,0.08710927864484967,0.245,0.07338318592081033,-0.008410948051401634,0.06943777391695079
remove3,MIP,1,0.08009979860059765,0.245,0.06649298386124011,-0.015301150110971856,0.06621770920919585
remove3,MIA,1,0.07643795956694067,0.22999999999999998,0.06256922737810913,-0.019224906594102836,0.06268842518679374
remove3,MRH,1,0.09601728487799957,0.245,0.08718813442265363,0.005394000450441666,0.06501744921296121
remove3,MRP,1,0.08547439147542421,0.245,0.07634688721236074,-0.005447246759851226,0.06163980536597837
remove3,MRA,1,0.078250993311078,0.22999999999999998,0.06784096775283019,-0.01395316621938178,0.05822746920805329
remove3,MHP,1,0.09568927531475373,0.245,0.08341237166510095,0.001618237692888977,0.07403083437054223
remove3,MHA,1,0.08641881896905823,0.22999999999999998,0.07256710438720032,-0.009227029585011648,0.06882388375877038
remove3,MPA,1,0.07630833412921356,0.21500000000000002,0.061145676414126555,-0.020648457558085413,0.06555707144845768
remove3,SFW,1,0.06012896346455265,0.245,0.06801408247098152,-0.013780051501230448,0.0418006635233697
remove3,SFT,1,0.05136540839912889,0.245,0.05816588364840237,-0.0236282503238096,0.02775477934599177
remove3,SFI,1,0.05130771437746057,0.245,0.06176592314906869,-0.02002821082314328,0.03207174238348165
remove3,SFR,1,0.05487440645990425,0.245,0.06399513872944393,-0.01779899524276804,0.03610119758884016
remove3,SFH,1,0.058476072364864864,0.245,0.0659460438709152,-0.015848090101296772,0.04143571239196318
remove3,SFP,1,0.04915797233223285,0.245,0.05685805942022263,-0.02493607455198934,0.02479317183668043
remove3,SFA,1,0.054754959010117496,0.22999999999999998,0.0661123345220406,-0.01568179945017137,0.032423086910944636
remove3,SWT,1,0.09243154331947498,0.245,0.07866744281428222,-0.0031266911579297535,0.07247866400390385
remove3,SWI,1,0.08696107178893808,0.245,0.07731583839018855,-0.004478295582023423,0.06782711960295573
remove3,SWR,1,0.08688528559941337,0.245,0.07826248795855366,-0.00353164601365831,0.06383587459547899
remove3,SWH,1,0.09838555498958064,0.245,0.08772231472140503,0.00592818074919306,0.0744842487306719
remove3,SWP,1,0.08945861822722241,0.245,0.07504645716433561,-0.006747676807876357,0.07270530113223628
remove3,SWA,1,0.0883822760998146,0.22999999999999998,0.08042714070058248,-0.0013669932716294936,0.0672074534542654
remove3,STI,1,0.07938800761099733,0.245,0.06642734734850811,-0.01536678662370386,0.06698837558783804
remove3,STR,1,0.08049573217038805,0.245,0.06883531513318075,-0.012958818839031216,0.0631169323693717
remove3,STH,1,0.09477016291811836,0.245,0.08113884172053303,-0.0006552922516789433,0.07484056920737854
remove3,STP,1,0.08878076059949407,0.245,0.07533866455728278,-0.006455469414929194,0.07092115125405302
remove3,STA,1,0.07678564273484074,0.22999999999999998,0.0642891614353737,-0.017504972536838262,0.06649000009848839
remove3,SIR,1,0.07587644929602379,0.245,0.06919440241759536,-0.012599731554616606,0.05816007094782277
remove3,SIH,1,0.08844897720998837,0.245,0.07765725631660797,-0.004136877655603999,0.07071409315787525
remove3,SIP,1,0.08039465055515714,0.245,0.06882762608960916,-0.012966507882602812,0.06715182009247972
remove3,SIA,1,0.0827516827377437,0.22999999999999998,0.07713713431879729,-0.0046569996534146785,0.06334242170278385
remove3,SRH,1,0.0882306230041803,0.245,0.07789251142677278,-0.0039016225454391873,0.06663573680270797
remove3,SRP,1,0.07829652715157567,0.245,0.06694539259583236,-0.014848741376379607,0.06280974039933353
remove3,SRA,1,0.07976548323484155,0.22999999999999998,0.07449255492525728,-0.007301579046954693,0.05918762706109065
remove3,SHP,1,0.09246733256202332,0.245,0.07755334559497626,-0.00424078837723571,0.07572454617910361
remove3,SHA,1,0.08912657992006415,0.22999999999999998,0.07977892882897403,-0.0020152051432379414,0.07022161701524993
remove3,SPA,1,0.07802475645509033,0.21500000000000002,0.06717784312256381,-0.014616290849648161,0.06642943340776188
remove3,FWT,1,0.06481825177890498,0.245,0.06954288471241216,-0.012251249259799812,0.03665469287819131
remove3,FWI,1,0.05930778282995315,0.245,0.06789272501713774,-0.013901408955074232,0.04098141865589312
remove3,FWR,1,0.07180077877078961,0.245,0.07968242011452067,-0.002111713857691294,0.044444259856776996
remove3,FWH,1,0.07373244348562939,0.245,0.08087231844252121,-0.000921815529690756,0.0479308651586438
remove3,FWP,1,0.0591821099986903,0.245,0.0643004725550903,-0.017493661417121664,0.03358049637178627
remove3,FWA,1,0.06423106367475367,0.22999999999999998,0.07370903460910787,-0.0080850993631041,0.04151755701605972
remove3,FTI,1,0.04364083476754707,0.245,0.05111906823444988,-0.03067506573776209,0.025339927714111393
remove3,FTR,1,0.06171016353149612,0.245,0.06784561410043696,-0.013948519871775006,0.030850380744463033
remove3,FTH,1,0.06453134959948047,0.245,0.06950589202361512,-0.012288241948596845,0.03607115483675339
remove3,FTP,1,0.058887999601592245,0.245,0.06433114842295876,-0.017462985549253213,0.032156961842782064
remove3,FTA,1,0.04155249805691009,0.22999999999999998,0.050291596967555384,-0.031502537004656585,0.024847142720895398
remove3,FIR,1,0.05507320425667157,0.245,0.06502146689182987,-0.016772667080382095,0.03510580812378166
remove3,FIH,1,0.05675265961027215,0.245,0.06496107741543307,-0.0168330565567789,0.04054250419696819
remove3,FIP,1,0.04632410646627438,0.245,0.055050777760901955,-0.026743356211310014,0.02387995264175272
remove3,FIA,1,0.05685997291031938,0.22999999999999998,0.06869387499502029,-0.013100258977191678,0.032017130093085676
remove3,FRH,1,0.07101719238800092,0.245,0.07808007977555655,-0.0037140541966554225,0.04537608785538867
remove3,FRP,1,0.05822357403794468,0.245,0.06529894068106686,-0.016495193291145113,0.027826715363620573
remove3,FRA,1,0.060851220239848326,0.22999999999999998,0.07160532103503203,-0.010188812937179936,0.035376028494607206
remove3,FHP,1,0.058007291735276606,0.245,0.06272463551304434,-0.019069498459167625,0.03248215884685256
remove3,FHA,1,0.060712829622420666,0.22999999999999998,0.06984493415338115,-0.011949199818830816,0.04098143837111074
remove3,FPA,1,0.044484718562207,0.21500000000000002,0.05443119214731056,-0.027362941824901406,0.022380528303855538
remove3,WTI,1,0.08180519652736805,0.245,0.06722672192032692,-0.014567412051885054,0.06764055234838287
remove3,WTR,1,0.09177682039940602,0.245,0.08161545357660188,-0.00017868039561008686,0.06352833425066168
remove3,WTH,1,0.10150565909049464,0.245,0.08967727499109726,0.007883141018885292,0.07342287043147747
remove3,WTP,1,0.09537620206999045,0.245,0.0812535877136933,-0.0005405462585186677,0.07179508606953014
remove3,WTA,1,0.0792611392175241,0.22999999999999998,0.06508208339746198,-0.01671205057474999,0.06709446206238837
remove3,WIR,1,0.0820707503321631,0.245,0.0757422364890706,-0.006051897483141375,0.05831427222645482
remove3,WIH,1,0.09182984092171723,0.245,0.08231420223671741,0.0005200682645054439,0.06927977207751493
remove3,WIP,1,0.0823390069914353,0.245,0.06872085184503653,-0.013073282127175442,0.06811425833445509
remove3,WIA,1,0.08698115656876747,0.22999999999999998,0.08084090780292051,-0.0009532261692914573,0.0636996036728712
remove3,WRH,1,0.09858168653899008,0.245,0.09149894256513955,0.009704808592927577,0.06500726306933818
remove3,WRP,1,0.08782644024616151,0.245,0.07711977924229242,-0.004674354729919547,0.06368430625104647
remove3,WRA,1,0.08716325905579864,0.22999999999999998,0.08232823679126902,0.0005341028190570529,0.0594050204437027
remove3,WHP,1,0.09816496503855815,0.245,0.08463090248346393,0.002836768511251961,0.07473543139332038
remove3,WHA,1,0.0935855964595133,0.22999999999999998,0.08570351609725037,0.003909382125038399,0.06868945125013878
remove3,WPA,1,0.07881802551521058,0.21500000000000002,0.06522825987568201,-0.01656587409652996,0.06747693353987441
remove3,TIR,1,0.06993224731047527,0.245,0.058601719641330006,-0.023192414330881962,0.05764434112944812
remove3,TIH,1,0.08416995617857001,0.245,0.06979895418056897,-0.011995179791642996,0.06983712400821167
remove3,TIP,1,0.08000931745250012,0.245,0.06653099098420029,-0.01526314298801168,0.06639754360443463
remove3,TIA,1,0.07264430745181853,0.22999999999999998,0.06105933898524372,-0.02073479498696825,0.06324288081959378
remove3,TRH,1,0.0934009769403604,0.245,0.08271182132939538,0.0009176873571834082,0.06556429258571149
remove3,TRP,1,0.08604271292441337,0.245,0.07542535336377966,-0.006368780608432309,0.06197107024251793
remove3,TRA,1,0.07240419049986142,0.22999999999999998,0.062283727870585615,-0.019510406101626354,0.0589176892520639
remove3,THP,1,0.09747615457932778,0.245,0.08345847734573933,0.0016643433735273605,0.07423256199309983
remove3,THA,1,0.08149793722871145,0.22999999999999998,0.06745513790564821,-0.014338996066563761,0.06936171434576695
remove3,TPA,1,0.07545948064827361,0.21500000000000002,0.06144735300189881,-0.020346780970313158,0.0658515921203087
remove3,IRH,1,0.0822941025282514,0.245,0.07400086677724627,-0.007793267194965703,0.060872991373149804
remove3,IRP,1,0.07207594828148807,0.245,0.06287423269670128,-0.018919901275510687,0.05766943718932362
remove3,IRA,1,0.07871705637925487,0.22999999999999998,0.07593343573537722,-0.005860698236834744,0.05506413823484135
remove3,IHP,1,0.08449443969502626,0.245,0.06997993073394787,-0.011814203238264098,0.07098662882273991
remove3,IHA,1,0.08708416974085678,0.22999999999999998,0.07942045339958492,-0.002373680572627046,0.06655387317048424
remove3,IPA,1,0.07641426257802168,0.21500000000000002,0.06745158543538958,-0.014342548536822389,0.06343492712036225
remove3,RHP,1,0.08916712128547369,0.245,0.07687964162745446,-0.004914492344757507,0.06635119806714025
remove3,RHA,1,0.08730272692975223,0.22999999999999998,0.08067977029697762,-0.0011143636752343478,0.061993745050245457
remove3,RPA,1,0.07314563764672254,0.21500000000000002,0.06469967289408986,-0.01709446107812211,0.05868054352002089
remove3,HPA,1,0.08047892590175452,0.2,0.06572501008626985,-0.016069123885942116,0.07044027714633211
