triplet,present,populated,class,TORTOISE,OWL,OCTOPUS,GECKO,HIVE,EAGLE,CRAB,SHEPHERD,PULSE,CAT,FOX,SPIDER,RAVEN,DOLPHIN,ANT,MOTH,SHARK,PENGUIN,BAT,HEDGEHOG,CROCODILE,DRAGON,TURTLE,MAGPIE,WOLF,ELEPHANT,CHAMELEON,JELLYFISH,BEAVER,MANTIS,BISON,WEASEL,SALMON,ORCA,MOLE,LYNX,HORSE,TERMITE,PHOENIX,COBRA,WHALE,FALCON,RHINO,BONOBO,AXOLOTL,BUTTERFLY
E-M-S,1,1,1E-2G-0X,PASS,CLEAR,PASS-STRUCTURAL,N/A,N/A,OPEN,GLOBAL-FLAG,N/A,N/A,ABLATION-RUN,OPEN,PASS-TOPOLOGY,MAJOR-FLAG,N/A,TOY-ONLY,OPEN,N/A,OPEN,MAJOR-FLAG,OPEN,OPEN,TOY-ONLY,CONDITIONAL,MAJOR-FLAG,N/A,PASS-ENGINEERING,OPEN,PASS-TOPOLOGY,PASS-REPAIR,OPEN,OPEN,MAJOR-FLAG,PASS-ENGINEERING,N/A,GLOBAL-ALERT,MAJOR-FLAG,N/A,TOY-ONLY,PASS-ENGINEERING,DISCIPLINE,OPEN,OPEN,TOY-ONLY,N/A,PASS-TOPOLOGY,TOY-ONLY
E-M-F,1,1,1E-1G-1X,PASS,CLEAR,PASS-STRUCTURAL,N/A,N/A,OPEN,GLOBAL-FLAG,N/A,N/A,ABLATION-RUN,OPEN,PASS-TOPOLOGY,MAJOR-FLAG,N/A,TOY-ONLY,OPEN,N/A,OPEN,MAJOR-FLAG,OPEN,OPEN,TOY-ONLY,CONDITIONAL,MAJOR-FLAG,N/A,PASS-ENGINEERING,OPEN,PASS-TOPOLOGY,PASS-REPAIR,OPEN,OPEN,MAJOR-FLAG,PASS-ENGINEERING,N/A,GLOBAL-ALERT,MAJOR-FLAG,N/A,TOY-ONLY,PASS-ENGINEERING,DISCIPLINE,OPEN,OPEN,TOY-ONLY,N/A,PASS-TOPOLOGY,TOY-ONLY
E-M-W,1,1,1E-1G-1X,PASS,CLEAR,PASS-STRUCTURAL,N/A,N/A,OPEN,GLOBAL-FLAG,N/A,N/A,ABLATION-RUN,OPEN,PASS-TOPOLOGY,MAJOR-FLAG,N/A,TOY-ONLY,OPEN,N/A,OPEN,MAJOR-FLAG,OPEN,OPEN,TOY-ONLY,CONDITIONAL,MAJOR-FLAG,N/A,PASS-ENGINEERING,OPEN,PASS-TOPOLOGY,PASS-REPAIR,OPEN,OPEN,MAJOR-FLAG,PASS-ENGINEERING,N/A,GLOBAL-ALERT,MAJOR-FLAG,N/A,TOY-ONLY,PASS-ENGINEERING,DISCIPLINE,OPEN,OPEN,TOY-ONLY,N/A,PASS-TOPOLOGY,TOY-ONLY
E-M-T,1,1,1E-1G-1X,PASS,CLEAR,PASS-STRUCTURAL,N/A,N/A,OPEN,GLOBAL-FLAG,N/A,N/A,ABLATION-RUN,OPEN,PASS-TOPOLOGY,MAJOR-FLAG,N/A,TOY-ONLY,OPEN,N/A,OPEN,MAJOR-FLAG,OPEN,OPEN,TOY-ONLY,CONDITIONAL,MAJOR-FLAG,N/A,PASS-ENGINEERING,OPEN,PASS-TOPOLOGY,PASS-REPAIR,OPEN,OPEN,MAJOR-FLAG,PASS-ENGINEERING,N/A,GLOBAL-ALERT,MAJOR-FLAG,N/A,TOY-ONLY,PASS-ENGINEERING,DISCIPLINE,OPEN,OPEN,TOY-ONLY,N/A,PASS-TOPOLOGY,TOY-ONLY
E-M-I,1,1,1E-1G-1X,PASS,CLEAR,PASS-STRUCTURAL,N/A,N/A,OPEN,GLOBAL-FLAG,N/A,N/A,ABLATION-RUN,OPEN,PASS-TOPOLOGY,MAJOR-FLAG,N/A,TOY-ONLY,OPEN,N/A,OPEN,MAJOR-FLAG,OPEN,OPEN,TOY-ONLY,CONDITIONAL,MAJOR-FLAG,N/A,PASS-ENGINEERING,OPEN,PASS-TOPOLOGY,PASS-REPAIR,OPEN,OPEN,MAJOR-FLAG,PASS-ENGINEERING,N/A,GLOBAL-ALERT,MAJOR-FLAG,N/A,TOY-ONLY,PASS-ENGINEERING,DISCIPLINE,OPEN,OPEN,TOY-ONLY,N/A,PASS-TOPOLOGY,TOY-ONLY
E-M-R,1,1,1E-1G-1X,PASS,CLEAR,PASS-STRUCTURAL,N/A,N/A,OPEN,GLOBAL-FLAG,N/A,N/A,ABLATION-RUN,OPEN,PASS-TOPOLOGY,MAJOR-FLAG,N/A,TOY-ONLY,OPEN,N/A,OPEN,MAJOR-FLAG,OPEN,OPEN,TOY-ONLY,CONDITIONAL,MAJOR-FLAG,N/A,PASS-ENGINEERING,OPEN,PASS-TOPOLOGY,PASS-REPAIR,OPEN,OPEN,MAJOR-FLAG,PASS-ENGINEERING,N/A,GLOBAL-ALERT,MAJOR-FLAG,N/A,TOY-ONLY,PASS-ENGINEERING,DISCIPLINE,OPEN,OPEN,TOY-ONLY,N/A,PASS-TOPOLOGY,TOY-ONLY
E-M-H,1,1,1E-1G-1X,PASS,CLEAR,PASS-STRUCTURAL,N/A,N/A,OPEN,GLOBAL-FLAG,N/A,N/A,ABLATION-RUN,OPEN,PASS-TOPOLOGY,MAJOR-FLAG,N/A,TOY-ONLY,OPEN,N/A,OPEN,MAJOR-FLAG,OPEN,OPEN,TOY-ONLY,CONDITIONAL,MAJOR-FLAG,N/A,PASS-ENGINEERING,OPEN,PASS-TOPOLOGY,PASS-REPAIR,OPEN,OPEN,MAJOR-FLAG,PASS-ENGINEERING,N/A,GLOBAL-ALERT,MAJOR-FLAG,N/A,TOY-ONLY,PASS-ENGINEERING,DISCIPLINE,OPEN,OPEN,TOY-ONLY,N/A,PASS-TOPOLOGY,TOY-ONLY
E-M-P,1,1,1E-1G-1X,PASS,CLEAR,PASS-STRUCTURAL,N/A,N/A,OPEN,GLOBAL-FLAG,N/A,N/A,ABLATION-RUN,OPEN,PASS-TOPOLOGY,MAJOR-FLAG,N/A,TOY-ONLY,OPEN,N/A,OPEN,MAJOR-FLAG,OPEN,OPEN,TOY-ONLY,CONDITIONAL,MAJOR-FLAG,N/A,PASS-ENGINEERING,OPEN,PASS-TOPOLOGY,PASS-REPAIR,OPEN,OPEN,MAJOR-FLAG,PASS-ENGINEERING,N/A,GLOBAL-ALERT,MAJOR-FLAG,N/A,TOY-ONLY,PASS-ENGINEERING,DISCIPLINE,OPEN,OPEN,TOY-ONLY,N/A,PASS-TOPOLOGY,TOY-ONLY
E-M-A,1,1,1E-1G-1X,PASS,CLEAR,PASS-STRUCTURAL,N/A,N/A,OPEN,GLOBAL-FLAG,N/A,N/A,ABLATION-RUN,OPEN,PASS-TOPOLOGY,MAJOR-FLAG,N/A,TOY-ONLY,OPEN,N/A,OPEN,MAJOR-FLAG,OPEN,OPEN,TOY-ONLY,CONDITIONAL,MAJOR-FLAG,N/A,PASS-ENGINEERING,OPEN,PASS-TOPOLOGY,PASS-REPAIR,OPEN,OPEN,MAJOR-FLAG,PASS-ENGINEERING,N/A,GLOBAL-ALERT,MAJOR-FLAG,N/A,TOY-ONLY,PASS-ENGINEERING,DISCIPLINE,OPEN,OPEN,TOY-ONLY,N/A,PASS-TOPOLOGY,TOY-ONLY
E-S-F,1,1,1E-1G-1X,PASS,CLEAR,PASS-STRUCTURAL,N/A,N/A,OPEN,GLOBAL-FLAG,N/A,N/A,ABLATION-RUN,OPEN,PASS-TOPOLOGY,MAJOR-FLAG,N/A,TOY-ONLY,OPEN,N/A,OPEN,MAJOR-FLAG,OPEN,OPEN,TOY-ONLY,CONDITIONAL,MAJOR-FLAG,N/A,PASS-ENGINEERING,OPEN,PASS-TOPOLOGY,PASS-REPAIR,OPEN,OPEN,MAJOR-FLAG,PASS-ENGINEERING,N/A,GLOBAL-ALERT,MAJOR-FLAG,N/A,TOY-ONLY,PASS-ENGINEERING,DISCIPLINE,OPEN,OPEN,TOY-ONLY,N/A,PASS-TOPOLOGY,TOY-ONLY
E-S-W,1,1,1E-1G-1X,PASS,CLEAR,PASS-STRUCTURAL,N/A,N/A,OPEN,GLOBAL-FLAG,N/A,N/A,ABLATION-RUN,OPEN,PASS-TOPOLOGY,MAJOR-FLAG,N/A,TOY-ONLY,OPEN,N/A,OPEN,MAJOR-FLAG,OPEN,OPEN,TOY-ONLY,CONDITIONAL,MAJOR-FLAG,N/A,PASS-ENGINEERING,OPEN,PASS-TOPOLOGY,PASS-REPAIR,OPEN,OPEN,MAJOR-FLAG,PASS-ENGINEERING,N/A,GLOBAL-ALERT,MAJOR-FLAG,N/A,TOY-ONLY,PASS-ENGINEERING,DISCIPLINE,OPEN,OPEN,TOY-ONLY,N/A,PASS-TOPOLOGY,TOY-ONLY
E-S-T,1,1,1E-1G-1X,PASS,CLEAR,PASS-STRUCTURAL,N/A,N/A,OPEN,GLOBAL-FLAG,N/A,N/A,ABLATION-RUN,OPEN,PASS-TOPOLOGY,MAJOR-FLAG,N/A,TOY-ONLY,OPEN,N/A,OPEN,MAJOR-FLAG,OPEN,OPEN,TOY-ONLY,CONDITIONAL,MAJOR-FLAG,N/A,PASS-ENGINEERING,OPEN,PASS-TOPOLOGY,PASS-REPAIR,OPEN,OPEN,MAJOR-FLAG,PASS-ENGINEERING,N/A,GLOBAL-ALERT,MAJOR-FLAG,N/A,TOY-ONLY,PASS-ENGINEERING,DISCIPLINE,OPEN,OPEN,TOY-ONLY,N/A,PASS-TOPOLOGY,TOY-ONLY
E-S-I,1,1,1E-1G-1X,PASS,CLEAR,PASS-STRUCTURAL,N/A,N/A,OPEN,GLOBAL-FLAG,N/A,N/A,ABLATION-RUN,OPEN,PASS-TOPOLOGY,MAJOR-FLAG,N/A,TOY-ONLY,OPEN,N/A,OPEN,MAJOR-FLAG,OPEN,OPEN,TOY-ONLY,CONDITIONAL,MAJOR-FLAG,N/A,PASS-ENGINEERING,OPEN,PASS-TOPOLOGY,PASS-REPAIR,OPEN,OPEN,MAJOR-FLAG,PASS-ENGINEERING,N/A,GLOBAL-ALERT,MAJOR-FLAG,N/A,TOY-ONLY,PASS-ENGINEERING,DISCIPLINE,OPEN,OPEN,TOY-ONLY,N/A,PASS-TOPOLOGY,TOY-ONLY
E-S-R,1,1,1E-1G-1X,PASS,CLEAR,PASS-STRUCTURAL,N/A,N/A,OPEN,GLOBAL-FLAG,N/A,N/A,ABLATION-RUN,OPEN,PASS-TOPOLOGY,MAJOR-FLAG,N/A,TOY-ONLY,OPEN,N/A,OPEN,MAJOR-FLAG,OPEN,OPEN,TOY-ONLY,CONDITIONAL,MAJOR-FLAG,N/A,PASS-ENGINEERING,OPEN,PASS-TOPOLOGY,PASS-REPAIR,OPEN,OPEN,MAJOR-FLAG,PASS-ENGINEERING,N/A,GLOBAL-ALERT,MAJOR-FLAG,N/A,TOY-ONLY,PASS-ENGINEERING,DISCIPLINE,OPEN,OPEN,TOY-ONLY,N/A,PASS-TOPOLOGY,TOY-ONLY
E-S-H,1,1,1E-1G-1X,PASS,CLEAR,PASS-STRUCTURAL,N/A,N/A,OPEN,GLOBAL-FLAG,N/A,N/A,ABLATION-RUN,OPEN,PASS-TOPOLOGY,MAJOR-FLAG,N/A,TOY-ONLY,OPEN,N/A,OPEN,MAJOR-FLAG,OPEN,OPEN,TOY-ONLY,CONDITIONAL,MAJOR-FLAG,N/A,PASS-ENGINEERING,OPEN,PASS-TOPOLOGY,PASS-REPAIR,OPEN,OPEN,MAJOR-FLAG,PASS-ENGINEERING,N/A,GLOBAL-ALERT,MAJOR-FLAG,N/A,TOY-ONLY,PASS-ENGINEERING,DISCIPLINE,OPEN,OPEN,TOY-ONLY,N/A,PASS-TOPOLOGY,TOY-ONLY
E-S-P,1,1,1E-1G-1X,PASS,CLEAR,PASS-STRUCTURAL,N/A,N/A,OPEN,GLOBAL-FLAG,N/A,N/A,ABLATION-RUN,OPEN,PASS-TOPOLOGY,MAJOR-FLAG,N/A,TOY-ONLY,OPEN,N/A,OPEN,MAJOR-FLAG,OPEN,OPEN,TOY-ONLY,CONDITIONAL,MAJOR-FLAG,N/A,PASS-ENGINEERING,OPEN,PASS-TOPOLOGY,PASS-REPAIR,OPEN,OPEN,MAJOR-FLAG,PASS-ENGINEERING,N/A,GLOBAL-ALERT,MAJOR-FLAG,N/A,TOY-ONLY,PASS-ENGINEERING,DISCIPLINE,OPEN,OPEN,TOY-ONLY,N/A,PASS-TOPOLOGY,TOY-ONLY
E-S-A,1,1,1E-1G-1X,PASS,CLEAR,PASS-STRUCTURAL,N/A,N/A,OPEN,GLOBAL-FLAG,N/A,N/A,ABLATION-RUN,OPEN,PASS-TOPOLOGY,MAJOR-FLAG,N/A,TOY-ONLY,OPEN,N/A,OPEN,MAJOR-FLAG,OPEN,OPEN,TOY-ONLY,CONDITIONAL,MAJOR-FLAG,N/A,PASS-ENGINEERING,OPEN,PASS-TOPOLOGY,PASS-REPAIR,OPEN,OPEN,MAJOR-FLAG,PASS-ENGINEERING,N/A,GLOBAL-ALERT,MAJOR-FLAG,N/A,TOY-ONLY,PASS-ENGINEERING,DISCIPLINE,OPEN,OPEN,TOY-ONLY,N/A,PASS-TOPOLOGY,TOY-ONLY
E-F-W,1,1,1E-0G-2X,PASS,CLEAR,PASS-STRUCTURAL,N/A,N/A,OPEN,GLOBAL-FLAG,N/A,N/A,ABLATION-RUN,OPEN,PASS-TOPOLOGY,MAJOR-FLAG,N/A,TOY-ONLY,OPEN,N/A,OPEN,MAJOR-FLAG,OPEN,OPEN,TOY-ONLY,CONDITIONAL,MAJOR-FLAG,N/A,PASS-ENGINEERING,OPEN,PASS-TOPOLOGY,PASS-REPAIR,OPEN,OPEN,MAJOR-FLAG,PASS-ENGINEERING,N/A,GLOBAL-ALERT,MAJOR-FLAG,N/A,TOY-ONLY,PASS-ENGINEERING,DISCIPLINE,OPEN,OPEN,TOY-ONLY,N/A,PASS-TOPOLOGY,TOY-ONLY
E-F-T,1,1,1E-0G-2X,PASS,CLEAR,PASS-STRUCTURAL,N/A,N/A,OPEN,GLOBAL-FLAG,N/A,N/A,ABLATION-RUN,OPEN,PASS-TOPOLOGY,MAJOR-FLAG,N/A,TOY-ONLY,OPEN,N/A,OPEN,MAJOR-FLAG,OPEN,OPEN,TOY-ONLY,CONDITIONAL,MAJOR-FLAG,N/A,PASS-ENGINEERING,OPEN,PASS-TOPOLOGY,PASS-REPAIR,OPEN,OPEN,MAJOR-FLAG,PASS-ENGINEERING,N/A,GLOBAL-ALERT,MAJOR-FLAG,N/A,TOY-ONLY,PASS-ENGINEERING,DISCIPLINE,OPEN,OPEN,TOY-ONLY,N/A,PASS-TOPOLOGY,TOY-ONLY
E-F-I,1,1,1E-0G-2X,PASS,CLEAR,PASS-STRUCTURAL,N/A,N/A,OPEN,GLOBAL-FLAG,N/A,N/A,ABLATION-RUN,OPEN,PASS-TOPOLOGY,MAJOR-FLAG,N/A,TOY-ONLY,OPEN,N/A,OPEN,MAJOR-FLAG,OPEN,OPEN,TOY-ONLY,CONDITIONAL,MAJOR-FLAG,N/A,PASS-ENGINEERING,OPEN,PASS-TOPOLOGY,PASS-REPAIR,OPEN,OPEN,MAJOR-FLAG,PASS-ENGINEERING,N/A,GLOBAL-ALERT,MAJOR-FLAG,N/A,TOY-ONLY,PASS-ENGINEERING,DISCIPLINE,OPEN,OPEN,TOY-ONLY,N/A,PASS-TOPOLOGY,TOY-ONLY
E-F-R,1,1,1E-0G-2X,PASS,CLEAR,PASS-STRUCTURAL,N/A,N/A,OPEN,GLOBAL-FLAG,N/A,N/A,ABLATION-RUN,OPEN,PASS-TOPOLOGY,MAJOR-FLAG,N/A,TOY-ONLY,OPEN,N/A,OPEN,MAJOR-FLAG,OPEN,OPEN,TOY-ONLY,CONDITIONAL,MAJOR-FLAG,N/A,PASS-ENGINEERING,OPEN,PASS-TOPOLOGY,PASS-REPAIR,OPEN,OPEN,MAJOR-FLAG,PASS-ENGINEERING,N/A,GLOBAL-ALERT,MAJOR-FLAG,N/A,TOY-ONLY,PASS-ENGINEERING,DISCIPLINE,OPEN,OPEN,TOY-ONLY,N/A,PASS-TOPOLOGY,TOY-ONLY
E-F-H,1,1,1E-0G-2X,PASS,CLEAR,PASS-STRUCTURAL,N/A,N/A,OPEN,GLOBAL-FLAG,N/A,N/A,ABLATION-RUN,OPEN,PASS-TOPOLOGY,MAJOR-FLAG,N/A,TOY-ONLY,OPEN,N/A,OPEN,MAJOR-FLAG,OPEN,OPEN,TOY-ONLY,CONDITIONAL,MAJOR-FLAG,N/A,PASS-ENGINEERING,OPEN,PASS-TOPOLOGY,PASS-REPAIR,OPEN,OPEN,MAJOR-FLAG,PASS-ENGINEERING,N/A,GLOBAL-ALERT,MAJOR-FLAG,N/A,TOY-ONLY,PASS-ENGINEERING,DISCIPLINE,OPEN,OPEN,TOY-ONLY,N/A,PASS-TOPOLOGY,TOY-ONLY
E-F-P,1,1,1E-0G-2X,PASS,CLEAR,PASS-STRUCTURAL,N/A,N/A,OPEN,GLOBAL-FLAG,N/A,N/A,ABLATION-RUN,OPEN,PASS-TOPOLOGY,MAJOR-FLAG,N/A,TOY-ONLY,OPEN,N/A,OPEN,MAJOR-FLAG,OPEN,OPEN,TOY-ONLY,CONDITIONAL,MAJOR-FLAG,N/A,PASS-ENGINEERING,OPEN,PASS-TOPOLOGY,PASS-REPAIR,OPEN,OPEN,MAJOR-FLAG,PASS-ENGINEERING,N/A,GLOBAL-ALERT,MAJOR-FLAG,N/A,TOY-ONLY,PASS-ENGINEERING,DISCIPLINE,OPEN,OPEN,TOY-ONLY,N/A,PASS-TOPOLOGY,TOY-ONLY
E-F-A,1,1,1E-0G-2X,PASS,CLEAR,PASS-STRUCTURAL,N/A,N/A,OPEN,GLOBAL-FLAG,N/A,N/A,ABLATION-RUN,OPEN,PASS-TOPOLOGY,MAJOR-FLAG,N/A,TOY-ONLY,OPEN,N/A,OPEN,MAJOR-FLAG,OPEN,OPEN,TOY-ONLY,CONDITIONAL,MAJOR-FLAG,N/A,PASS-ENGINEERING,OPEN,PASS-TOPOLOGY,PASS-REPAIR,OPEN,OPEN,MAJOR-FLAG,PASS-ENGINEERING,N/A,GLOBAL-ALERT,MAJOR-FLAG,N/A,TOY-ONLY,PASS-ENGINEERING,DISCIPLINE,OPEN,OPEN,TOY-ONLY,N/A,PASS-TOPOLOGY,TOY-ONLY
E-W-T,1,1,1E-0G-2X,PASS,CLEAR,PASS-STRUCTURAL,N/A,N/A,OPEN,GLOBAL-FLAG,N/A,N/A,ABLATION-RUN,OPEN,PASS-TOPOLOGY,MAJOR-FLAG,N/A,TOY-ONLY,OPEN,N/A,OPEN,MAJOR-FLAG,OPEN,OPEN,TOY-ONLY,CONDITIONAL,MAJOR-FLAG,N/A,PASS-ENGINEERING,OPEN,PASS-TOPOLOGY,PASS-REPAIR,OPEN,OPEN,MAJOR-FLAG,PASS-ENGINEERING,N/A,GLOBAL-ALERT,MAJOR-FLAG,N/A,TOY-ONLY,PASS-ENGINEERING,DISCIPLINE,OPEN,OPEN,TOY-ONLY,N/A,PASS-TOPOLOGY,TOY-ONLY
E-W-I,1,1,1E-0G-2X,PASS,CLEAR,PASS-STRUCTURAL,N/A,N/A,OPEN,GLOBAL-FLAG,N/A,N/A,ABLATION-RUN,OPEN,PASS-TOPOLOGY,MAJOR-FLAG,N/A,TOY-ONLY,OPEN,N/A,OPEN,MAJOR-FLAG,OPEN,OPEN,TOY-ONLY,CONDITIONAL,MAJOR-FLAG,N/A,PASS-ENGINEERING,OPEN,PASS-TOPOLOGY,PASS-REPAIR,OPEN,OPEN,MAJOR-FLAG,PASS-ENGINEERING,N/A,GLOBAL-ALERT,MAJOR-FLAG,N/A,TOY-ONLY,PASS-ENGINEERING,DISCIPLINE,OPEN,OPEN,TOY-ONLY,N/A,PASS-TOPOLOGY,TOY-ONLY
E-W-R,1,1,1E-0G-2X,PASS,CLEAR,PASS-STRUCTURAL,N/A,N/A,OPEN,GLOBAL-FLAG,N/A,N/A,ABLATION-RUN,OPEN,PASS-TOPOLOGY,MAJOR-FLAG,N/A,TOY-ONLY,OPEN,N/A,OPEN,MAJOR-FLAG,OPEN,OPEN,TOY-ONLY,CONDITIONAL,MAJOR-FLAG,N/A,PASS-ENGINEERING,OPEN,PASS-TOPOLOGY,PASS-REPAIR,OPEN,OPEN,MAJOR-FLAG,PASS-ENGINEERING,N/A,GLOBAL-ALERT,MAJOR-FLAG,N/A,TOY-ONLY,PASS-ENGINEERING,DISCIPLINE,OPEN,OPEN,TOY-ONLY,N/A,PASS-TOPOLOGY,TOY-ONLY
E-W-H,1,1,1E-0G-2X,PASS,CLEAR,PASS-STRUCTURAL,N/A,N/A,OPEN,GLOBAL-FLAG,N/A,N/A,ABLATION-RUN,OPEN,PASS-TOPOLOGY,MAJOR-FLAG,N/A,TOY-ONLY,OPEN,N/A,OPEN,MAJOR-FLAG,OPEN,OPEN,TOY-ONLY,CONDITIONAL,MAJOR-FLAG,N/A,PASS-ENGINEERING,OPEN,PASS-TOPOLOGY,PASS-REPAIR,OPEN,OPEN,MAJOR-FLAG,PASS-ENGINEERING,N/A,GLOBAL-ALERT,MAJOR-FLAG,N/A,TOY-ONLY,PASS-ENGINEERING,DISCIPLINE,OPEN,OPEN,TOY-ONLY,N/A,PASS-TOPOLOGY,TOY-ONLY
E-W-P,1,1,1E-0G-2X,PASS,CLEAR,PASS-STRUCTURAL,N/A,N/A,OPEN,GLOBAL-FLAG,N/A,N/A,ABLATION-RUN,OPEN,PASS-TOPOLOGY,MAJOR-FLAG,N/A,TOY-ONLY,OPEN,N/A,OPEN,MAJOR-FLAG,OPEN,OPEN,TOY-ONLY,CONDITIONAL,MAJOR-FLAG,N/A,PASS-ENGINEERING,OPEN,PASS-TOPOLOGY,PASS-REPAIR,OPEN,OPEN,MAJOR-FLAG,PASS-ENGINEERING,N/A,GLOBAL-ALERT,MAJOR-FLAG,N/A,TOY-ONLY,PASS-ENGINEERING,DISCIPLINE,OPEN,OPEN,TOY-ONLY,N/A,PASS-TOPOLOGY,TOY-ONLY
E-W-A,1,1,1E-0G-2X,PASS,CLEAR,PASS-STRUCTURAL,N/A,N/A,OPEN,GLOBAL-FLAG,N/A,N/A,ABLATION-RUN,OPEN,PASS-TOPOLOGY,MAJOR-FLAG,N/A,TOY-ONLY,OPEN,N/A,OPEN,MAJOR-FLAG,OPEN,OPEN,TOY-ONLY,CONDITIONAL,MAJOR-FLAG,N/A,PASS-ENGINEERING,OPEN,PASS-TOPOLOGY,PASS-REPAIR,OPEN,OPEN,MAJOR-FLAG,PASS-ENGINEERING,N/A,GLOBAL-ALERT,MAJOR-FLAG,N/A,TOY-ONLY,PASS-ENGINEERING,DISCIPLINE,OPEN,OPEN,TOY-ONLY,N/A,PASS-TOPOLOGY,TOY-ONLY
E-T-I,1,1,1E-0G-2X,PASS,CLEAR,PASS-STRUCTURAL,N/A,N/A,OPEN,GLOBAL-FLAG,N/A,N/A,ABLATION-RUN,OPEN,PASS-TOPOLOGY,MAJOR-FLAG,N/A,TOY-ONLY,OPEN,N/A,OPEN,MAJOR-FLAG,OPEN,OPEN,TOY-ONLY,CONDITIONAL,MAJOR-FLAG,N/A,PASS-ENGINEERING,OPEN,PASS-TOPOLOGY,PASS-REPAIR,OPEN,OPEN,MAJOR-FLAG,PASS-ENGINEERING,N/A,GLOBAL-ALERT,MAJOR-FLAG,N/A,TOY-ONLY,PASS-ENGINEERING,DISCIPLINE,OPEN,OPEN,TOY-ONLY,N/A,PASS-TOPOLOGY,TOY-ONLY
E-T-R,1,1,1E-0G-2X,PASS,CLEAR,PASS-STRUCTURAL,N/A,N/A,OPEN,GLOBAL-FLAG,N/A,N/A,ABLATION-RUN,OPEN,PASS-TOPOLOGY,MAJOR-FLAG,N/A,TOY-ONLY,OPEN,N/A,OPEN,MAJOR-FLAG,OPEN,OPEN,TOY-ONLY,CONDITIONAL,MAJOR-FLAG,N/A,PASS-ENGINEERING,OPEN,PASS-TOPOLOGY,PASS-REPAIR,OPEN,OPEN,MAJOR-FLAG,PASS-ENGINEERING,N/A,GLOBAL-ALERT,MAJOR-FLAG,N/A,TOY-ONLY,PASS-ENGINEERING,DISCIPLINE,OPEN,OPEN,TOY-ONLY,N/A,PASS-TOPOLOGY,TOY-ONLY
E-T-H,1,1,1E-0G-2X,PASS,CLEAR,PASS-STRUCTURAL,N/A,N/A,OPEN,GLOBAL-FLAG,N/A,N/A,ABLATION-RUN,OPEN,PASS-TOPOLOGY,MAJOR-FLAG,N/A,TOY-ONLY,OPEN,N/A,OPEN,MAJOR-FLAG,OPEN,OPEN,TOY-ONLY,CONDITIONAL,MAJOR-FLAG,N/A,PASS-ENGINEERING,OPEN,PASS-TOPOLOGY,PASS-REPAIR,OPEN,OPEN,MAJOR-FLAG,PASS-ENGINEERING,N/A,GLOBAL-ALERT,MAJOR-FLAG,N/A,TOY-ONLY,PASS-ENGINEERING,DISCIPLINE,OPEN,OPEN,TOY-ONLY,N/A,PASS-TOPOLOGY,TOY-ONLY
E-T-P,1,1,1E-0G-2X,PASS,CLEAR,PASS-STRUCTURAL,N/A,N/A,OPEN,GLOBAL-FLAG,N/A,N/A,ABLATION-RUN,OPEN,PASS-TOPOLOGY,MAJOR-FLAG,N/A,TOY-ONLY,OPEN,N/A,OPEN,MAJOR-FLAG,OPEN,OPEN,TOY-ONLY,CONDITIONAL,MAJOR-FLAG,N/A,PASS-ENGINEERING,OPEN,PASS-TOPOLOGY,PASS-REPAIR,OPEN,OPEN,MAJOR-FLAG,PASS-ENGINEERING,N/A,GLOBAL-ALERT,MAJOR-FLAG,N/A,TOY-ONLY,PASS-ENGINEERING,DISCIPLINE,OPEN,OPEN,TOY-ONLY,N/A,PASS-TOPOLOGY,TOY-ONLY
E-T-A,1,1,1E-0G-2X,PASS,CLEAR,PASS-STRUCTURAL,N/A,N/A,OPEN,GLOBAL-FLAG,N/A,N/A,ABLATION-RUN,OPEN,PASS-TOPOLOGY,MAJOR-FLAG,N/A,TOY-ONLY,OPEN,N/A,OPEN,MAJOR-FLAG,OPEN,OPEN,TOY-ONLY,CONDITIONAL,MAJOR-FLAG,N/A,PASS-ENGINEERING,OPEN,PASS-TOPOLOGY,PASS-REPAIR,OPEN,OPEN,MAJOR-FLAG,PASS-ENGINEERING,N/A,GLOBAL-ALERT,MAJOR-FLAG,N/A,TOY-ONLY,PASS-ENGINEERING,DISCIPLINE,OPEN,OPEN,TOY-ONLY,N/A,PASS-TOPOLOGY,TOY-ONLY
E-I-R,1,1,1E-0G-2X,PASS,CLEAR,PASS-STRUCTURAL,N/A,N/A,OPEN,GLOBAL-FLAG,N/A,N/A,ABLATION-RUN,OPEN,PASS-TOPOLOGY,MAJOR-FLAG,N/A,TOY-ONLY,OPEN,N/A,OPEN,MAJOR-FLAG,OPEN,OPEN,TOY-ONLY,CONDITIONAL,MAJOR-FLAG,N/A,PASS-ENGINEERING,OPEN,PASS-TOPOLOGY,PASS-REPAIR,OPEN,OPEN,MAJOR-FLAG,PASS-ENGINEERING,N/A,GLOBAL-ALERT,MAJOR-FLAG,N/A,TOY-ONLY,PASS-ENGINEERING,DISCIPLINE,OPEN,OPEN,TOY-ONLY,N/A,PASS-TOPOLOGY,TOY-ONLY
E-I-H,1,1,1E-0G-2X,PASS,CLEAR,PASS-STRUCTURAL,N/A,N/A,OPEN,GLOBAL-FLAG,N/A,N/A,ABLATION-RUN,OPEN,PASS-TOPOLOGY,MAJOR-FLAG,N/A,TOY-ONLY,OPEN,N/A,OPEN,MAJOR-FLAG,OPEN,OPEN,TOY-ONLY,CONDITIONAL,MAJOR-FLAG,N/A,PASS-ENGINEERING,OPEN,PASS-TOPOLOGY,PASS-REPAIR,OPEN,OPEN,MAJOR-FLAG,PASS-ENGINEERING,N/A,GLOBAL-ALERT,MAJOR-FLAG,N/A,TOY-ONLY,PASS-ENGINEERING,DISCIPLINE,OPEN,OPEN,TOY-ONLY,N/A,PASS-TOPOLOGY,TOY-ONLY
E-I-P,1,1,1E-0G-2X,PASS,CLEAR,PASS-STRUCTURAL,N/A,N/A,OPEN,GLOBAL-FLAG,N/A,N/A,ABLATION-RUN,OPEN,PASS-TOPOLOGY,MAJOR-FLAG,N/A,TOY-ONLY,OPEN,N/A,OPEN,MAJOR-FLAG,OPEN,OPEN,TOY-ONLY,CONDITIONAL,MAJOR-FLAG,N/A,PASS-ENGINEERING,OPEN,PASS-TOPOLOGY,PASS-REPAIR,OPEN,OPEN,MAJOR-FLAG,PASS-ENGINEERING,N/A,GLOBAL-ALERT,MAJOR-FLAG,N/A,TOY-ONLY,PASS-ENGINEERING,DISCIPLINE,OPEN,OPEN,TOY-ONLY,N/A,PASS-TOPOLOGY,TOY-ONLY
E-I-A,1,1,1E-0G-2X,PASS,CLEAR,PASS-STRUCTURAL,N/A,N/A,OPEN,GLOBAL-FLAG,N/A,N/A,ABLATION-RUN,OPEN,PASS-TOPOLOGY,MAJOR-FLAG,N/A,TOY-ONLY,OPEN,N/A,OPEN,MAJOR-FLAG,OPEN,OPEN,TOY-ONLY,CONDITIONAL,MAJOR-FLAG,N/A,PASS-ENGINEERING,OPEN,PASS-TOPOLOGY,PASS-REPAIR,OPEN,OPEN,MAJOR-FLAG,PASS-ENGINEERING,N/A,GLOBAL-ALERT,MAJOR-FLAG,N/A,TOY-ONLY,PASS-ENGINEERING,DISCIPLINE,OPEN,OPEN,TOY-ONLY,N/A,PASS-TOPOLOGY,TOY-ONLY
E-R-H,1,1,1E-0G-2X,PASS,CLEAR,PASS-STRUCTURAL,N/A,N/A,OPEN,GLOBAL-FLAG,N/A,N/A,ABLATION-RUN,OPEN,PASS-TOPOLOGY,MAJOR-FLAG,N/A,TOY-ONLY,OPEN,N/A,OPEN,MAJOR-FLAG,OPEN,OPEN,TOY-ONLY,CONDITIONAL,MAJOR-FLAG,N/A,PASS-ENGINEERING,OPEN,PASS-TOPOLOGY,PASS-REPAIR,OPEN,OPEN,MAJOR-FLAG,PASS-ENGINEERING,N/A,GLOBAL-ALERT,MAJOR-FLAG,N/A,TOY-ONLY,PASS-ENGINEERING,DISCIPLINE,OPEN,OPEN,TOY-ONLY,N/A,PASS-TOPOLOGY,TOY-ONLY
E-R-P,1,1,1E-0G-2X,PASS,CLEAR,PASS-STRUCTURAL,N/A,N/A,OPEN,GLOBAL-FLAG,N/A,N/A,ABLATION-RUN,OPEN,PASS-TOPOLOGY,MAJOR-FLAG,N/A,TOY-ONLY,OPEN,N/A,OPEN,MAJOR-FLAG,OPEN,OPEN,TOY-ONLY,CONDITIONAL,MAJOR-FLAG,N/A,PASS-ENGINEERING,OPEN,PASS-TOPOLOGY,PASS-REPAIR,OPEN,OPEN,MAJOR-FLAG,PASS-ENGINEERING,N/A,GLOBAL-ALERT,MAJOR-FLAG,N/A,TOY-ONLY,PASS-ENGINEERING,DISCIPLINE,OPEN,OPEN,TOY-ONLY,N/A,PASS-TOPOLOGY,TOY-ONLY
E-R-A,1,1,1E-0G-2X,PASS,CLEAR,PASS-STRUCTURAL,N/A,N/A,OPEN,GLOBAL-FLAG,N/A,N/A,ABLATION-RUN,OPEN,PASS-TOPOLOGY,MAJOR-FLAG,N/A,TOY-ONLY,OPEN,N/A,OPEN,MAJOR-FLAG,OPEN,OPEN,TOY-ONLY,CONDITIONAL,MAJOR-FLAG,N/A,PASS-ENGINEERING,OPEN,PASS-TOPOLOGY,PASS-REPAIR,OPEN,OPEN,MAJOR-FLAG,PASS-ENGINEERING,N/A,GLOBAL-ALERT,MAJOR-FLAG,N/A,TOY-ONLY,PASS-ENGINEERING,DISCIPLINE,OPEN,OPEN,TOY-ONLY,N/A,PASS-TOPOLOGY,TOY-ONLY
E-H-P,1,1,1E-0G-2X,PASS,CLEAR,PASS-STRUCTURAL,N/A,N/A,OPEN,GLOBAL-FLAG,N/A,N/A,ABLATION-RUN,OPEN,PASS-TOPOLOGY,MAJOR-FLAG,N/A,TOY-ONLY,OPEN,N/A,OPEN,MAJOR-FLAG,OPEN,OPEN,TOY-ONLY,CONDITIONAL,MAJOR-FLAG,N/A,PASS-ENGINEERING,OPEN,PASS-TOPOLOGY,PASS-REPAIR,OPEN,OPEN,MAJOR-FLAG,PASS-ENGINEERING,N/A,GLOBAL-ALERT,MAJOR-FLAG,N/A,TOY-ONLY,PASS-ENGINEERING,DISCIPLINE,OPEN,OPEN,TOY-ONLY,N/A,PASS-TOPOLOGY,TOY-ONLY
E-H-A,1,1,1E-0G-2X,PASS,CLEAR,PASS-STRUCTURAL,N/A,N/A,OPEN,GLOBAL-FLAG,N/A,N/A,ABLATION-RUN,OPEN,PASS-TOPOLOGY,MAJOR-FLAG,N/A,TOY-ONLY,OPEN,N/A,OPEN,MAJOR-FLAG,OPEN,OPEN,TOY-ONLY,CONDITIONAL,MAJOR-FLAG,N/A,PASS-ENGINEERING,OPEN,PASS-TOPOLOGY,PASS-REPAIR,OPEN,OPEN,MAJOR-FLAG,PASS-ENGINEERING,N/A,GLOBAL-ALERT,MAJOR-FLAG,N/A,TOY-ONLY,PASS-ENGINEERING,DISCIPLINE,OPEN,OPEN,TOY-ONLY,N/A,PASS-TOPOLOGY,TOY-ONLY
E-P-A,1,1,1E-0G-2X,PASS,CLEAR,PASS-STRUCTURAL,N/A,N/A,OPEN,GLOBAL-FLAG,N/A,N/A,ABLATION-RUN,OPEN,PASS-TOPOLOGY,MAJOR-FLAG,N/A,TOY-ONLY,OPEN,N/A,OPEN,MAJOR-FLAG,OPEN,OPEN,TOY-ONLY,CONDITIONAL,MAJOR-FLAG,N/A,PASS-ENGINEERING,OPEN,PASS-TOPOLOGY,PASS-REPAIR,OPEN,OPEN,MAJOR-FLAG,PASS-ENGINEERING,N/A,GLOBAL-ALERT,MAJOR-FLAG,N/A,TOY-ONLY,PASS-ENGINEERING,DISCIPLINE,OPEN,OPEN,TOY-ONLY,N/A,PASS-TOPOLOGY,TOY-ONLY
M-S-F,1,1,0E-2G-1X,PASS,CLEAR,PASS-STRUCTURAL,N/A,N/A,OPEN,GLOBAL-FLAG,N/A,N/A,ABLATION-RUN,OPEN,PASS-TOPOLOGY,MAJOR-FLAG,N/A,TOY-ONLY,OPEN,N/A,OPEN,MAJOR-FLAG,OPEN,OPEN,TOY-ONLY,CONDITIONAL,MAJOR-FLAG,N/A,PASS-ENGINEERING,OPEN,PASS-TOPOLOGY,PASS-REPAIR,OPEN,OPEN,MAJOR-FLAG,PASS-ENGINEERING,N/A,GLOBAL-ALERT,MAJOR-FLAG,N/A,TOY-ONLY,PASS-ENGINEERING,DISCIPLINE,OPEN,OPEN,TOY-ONLY,N/A,PASS-TOPOLOGY,TOY-ONLY
M-S-W,1,1,0E-2G-1X,PASS,CLEAR,PASS-STRUCTURAL,N/A,N/A,OPEN,GLOBAL-FLAG,N/A,N/A,ABLATION-RUN,OPEN,PASS-TOPOLOGY,MAJOR-FLAG,N/A,TOY-ONLY,OPEN,N/A,OPEN,MAJOR-FLAG,OPEN,OPEN,TOY-ONLY,CONDITIONAL,MAJOR-FLAG,N/A,PASS-ENGINEERING,OPEN,PASS-TOPOLOGY,PASS-REPAIR,OPEN,OPEN,MAJOR-FLAG,PASS-ENGINEERING,N/A,GLOBAL-ALERT,MAJOR-FLAG,N/A,TOY-ONLY,PASS-ENGINEERING,DISCIPLINE,OPEN,OPEN,TOY-ONLY,N/A,PASS-TOPOLOGY,TOY-ONLY
M-S-T,1,1,0E-2G-1X,PASS,CLEAR,PASS-STRUCTURAL,N/A,N/A,OPEN,GLOBAL-FLAG,N/A,N/A,ABLATION-RUN,OPEN,PASS-TOPOLOGY,MAJOR-FLAG,N/A,TOY-ONLY,OPEN,N/A,OPEN,MAJOR-FLAG,OPEN,OPEN,TOY-ONLY,CONDITIONAL,MAJOR-FLAG,N/A,PASS-ENGINEERING,OPEN,PASS-TOPOLOGY,PASS-REPAIR,OPEN,OPEN,MAJOR-FLAG,PASS-ENGINEERING,N/A,GLOBAL-ALERT,MAJOR-FLAG,N/A,TOY-ONLY,PASS-ENGINEERING,DISCIPLINE,OPEN,OPEN,TOY-ONLY,N/A,PASS-TOPOLOGY,TOY-ONLY
M-S-I,1,1,0E-2G-1X,PASS,CLEAR,PASS-STRUCTURAL,N/A,N/A,OPEN,GLOBAL-FLAG,N/A,N/A,ABLATION-RUN,OPEN,PASS-TOPOLOGY,MAJOR-FLAG,N/A,TOY-ONLY,OPEN,N/A,OPEN,MAJOR-FLAG,OPEN,OPEN,TOY-ONLY,CONDITIONAL,MAJOR-FLAG,N/A,PASS-ENGINEERING,OPEN,PASS-TOPOLOGY,PASS-REPAIR,OPEN,OPEN,MAJOR-FLAG,PASS-ENGINEERING,N/A,GLOBAL-ALERT,MAJOR-FLAG,N/A,TOY-ONLY,PASS-ENGINEERING,DISCIPLINE,OPEN,OPEN,TOY-ONLY,N/A,PASS-TOPOLOGY,TOY-ONLY
M-S-R,1,1,0E-2G-1X,PASS,CLEAR,PASS-STRUCTURAL,N/A,N/A,OPEN,GLOBAL-FLAG,N/A,N/A,ABLATION-RUN,OPEN,PASS-TOPOLOGY,MAJOR-FLAG,N/A,TOY-ONLY,OPEN,N/A,OPEN,MAJOR-FLAG,OPEN,OPEN,TOY-ONLY,CONDITIONAL,MAJOR-FLAG,N/A,PASS-ENGINEERING,OPEN,PASS-TOPOLOGY,PASS-REPAIR,OPEN,OPEN,MAJOR-FLAG,PASS-ENGINEERING,N/A,GLOBAL-ALERT,MAJOR-FLAG,N/A,TOY-ONLY,PASS-ENGINEERING,DISCIPLINE,OPEN,OPEN,TOY-ONLY,N/A,PASS-TOPOLOGY,TOY-ONLY
M-S-H,1,1,0E-2G-1X,PASS,CLEAR,PASS-STRUCTURAL,N/A,N/A,OPEN,GLOBAL-FLAG,N/A,N/A,ABLATION-RUN,OPEN,PASS-TOPOLOGY,MAJOR-FLAG,N/A,TOY-ONLY,OPEN,N/A,OPEN,MAJOR-FLAG,OPEN,OPEN,TOY-ONLY,CONDITIONAL,MAJOR-FLAG,N/A,PASS-ENGINEERING,OPEN,PASS-TOPOLOGY,PASS-REPAIR,OPEN,OPEN,MAJOR-FLAG,PASS-ENGINEERING,N/A,GLOBAL-ALERT,MAJOR-FLAG,N/A,TOY-ONLY,PASS-ENGINEERING,DISCIPLINE,OPEN,OPEN,TOY-ONLY,N/A,PASS-TOPOLOGY,TOY-ONLY
M-S-P,1,1,0E-2G-1X,PASS,CLEAR,PASS-STRUCTURAL,N/A,N/A,OPEN,GLOBAL-FLAG,N/A,N/A,ABLATION-RUN,OPEN,PASS-TOPOLOGY,MAJOR-FLAG,N/A,TOY-ONLY,OPEN,N/A,OPEN,MAJOR-FLAG,OPEN,OPEN,TOY-ONLY,CONDITIONAL,MAJOR-FLAG,N/A,PASS-ENGINEERING,OPEN,PASS-TOPOLOGY,PASS-REPAIR,OPEN,OPEN,MAJOR-FLAG,PASS-ENGINEERING,N/A,GLOBAL-ALERT,MAJOR-FLAG,N/A,TOY-ONLY,PASS-ENGINEERING,DISCIPLINE,OPEN,OPEN,TOY-ONLY,N/A,PASS-TOPOLOGY,TOY-ONLY
M-S-A,1,1,0E-2G-1X,PASS,CLEAR,PASS-STRUCTURAL,N/A,N/A,OPEN,GLOBAL-FLAG,N/A,N/A,ABLATION-RUN,OPEN,PASS-TOPOLOGY,MAJOR-FLAG,N/A,TOY-ONLY,OPEN,N/A,OPEN,MAJOR-FLAG,OPEN,OPEN,TOY-ONLY,CONDITIONAL,MAJOR-FLAG,N/A,PASS-ENGINEERING,OPEN,PASS-TOPOLOGY,PASS-REPAIR,OPEN,OPEN,MAJOR-FLAG,PASS-ENGINEERING,N/A,GLOBAL-ALERT,MAJOR-FLAG,N/A,TOY-ONLY,PASS-ENGINEERING,DISCIPLINE,OPEN,OPEN,TOY-ONLY,N/A,PASS-TOPOLOGY,TOY-ONLY
M-F-W,1,1,0E-1G-2X,PASS,CLEAR,PASS-STRUCTURAL,N/A,N/A,OPEN,GLOBAL-FLAG,N/A,N/A,ABLATION-RUN,OPEN,PASS-TOPOLOGY,MAJOR-FLAG,N/A,TOY-ONLY,OPEN,N/A,OPEN,MAJOR-FLAG,OPEN,OPEN,TOY-ONLY,CONDITIONAL,MAJOR-FLAG,N/A,PASS-ENGINEERING,OPEN,PASS-TOPOLOGY,PASS-REPAIR,OPEN,OPEN,MAJOR-FLAG,PASS-ENGINEERING,N/A,GLOBAL-ALERT,MAJOR-FLAG,N/A,TOY-ONLY,PASS-ENGINEERING,DISCIPLINE,OPEN,OPEN,TOY-ONLY,N/A,PASS-TOPOLOGY,TOY-ONLY
M-F-T,1,1,0E-1G-2X,PASS,CLEAR,PASS-STRUCTURAL,N/A,N/A,OPEN,GLOBAL-FLAG,N/A,N/A,ABLATION-RUN,OPEN,PASS-TOPOLOGY,MAJOR-FLAG,N/A,TOY-ONLY,OPEN,N/A,OPEN,MAJOR-FLAG,OPEN,OPEN,TOY-ONLY,CONDITIONAL,MAJOR-FLAG,N/A,PASS-ENGINEERING,OPEN,PASS-TOPOLOGY,PASS-REPAIR,OPEN,OPEN,MAJOR-FLAG,PASS-ENGINEERING,N/A,GLOBAL-ALERT,MAJOR-FLAG,N/A,TOY-ONLY,PASS-ENGINEERING,DISCIPLINE,OPEN,OPEN,TOY-ONLY,N/A,PASS-TOPOLOGY,TOY-ONLY
M-F-I,1,1,0E-1G-2X,PASS,CLEAR,PASS-STRUCTURAL,N/A,N/A,OPEN,GLOBAL-FLAG,N/A,N/A,ABLATION-RUN,OPEN,PASS-TOPOLOGY,MAJOR-FLAG,N/A,TOY-ONLY,OPEN,N/A,OPEN,MAJOR-FLAG,OPEN,OPEN,TOY-ONLY,CONDITIONAL,MAJOR-FLAG,N/A,PASS-ENGINEERING,OPEN,PASS-TOPOLOGY,PASS-REPAIR,OPEN,OPEN,MAJOR-FLAG,PASS-ENGINEERING,N/A,GLOBAL-ALERT,MAJOR-FLAG,N/A,TOY-ONLY,PASS-ENGINEERING,DISCIPLINE,OPEN,OPEN,TOY-ONLY,N/A,PASS-TOPOLOGY,TOY-ONLY
M-F-R,1,1,0E-1G-2X,PASS,CLEAR,PASS-STRUCTURAL,N/A,N/A,OPEN,GLOBAL-FLAG,N/A,N/A,ABLATION-RUN,OPEN,PASS-TOPOLOGY,MAJOR-FLAG,N/A,TOY-ONLY,OPEN,N/A,OPEN,MAJOR-FLAG,OPEN,OPEN,TOY-ONLY,CONDITIONAL,MAJOR-FLAG,N/A,PASS-ENGINEERING,OPEN,PASS-TOPOLOGY,PASS-REPAIR,OPEN,OPEN,MAJOR-FLAG,PASS-ENGINEERING,N/A,GLOBAL-ALERT,MAJOR-FLAG,N/A,TOY-ONLY,PASS-ENGINEERING,DISCIPLINE,OPEN,OPEN,TOY-ONLY,N/A,PASS-TOPOLOGY,TOY-ONLY
M-F-H,1,1,0E-1G-2X,PASS,CLEAR,PASS-STRUCTURAL,N/A,N/A,OPEN,GLOBAL-FLAG,N/A,N/A,ABLATION-RUN,OPEN,PASS-TOPOLOGY,MAJOR-FLAG,N/A,TOY-ONLY,OPEN,N/A,OPEN,MAJOR-FLAG,OPEN,OPEN,TOY-ONLY,CONDITIONAL,MAJOR-FLAG,N/A,PASS-ENGINEERING,OPEN,PASS-TOPOLOGY,PASS-REPAIR,OPEN,OPEN,MAJOR-FLAG,PASS-ENGINEERING,N/A,GLOBAL-ALERT,MAJOR-FLAG,N/A,TOY-ONLY,PASS-ENGINEERING,DISCIPLINE,OPEN,OPEN,TOY-ONLY,N/A,PASS-TOPOLOGY,TOY-ONLY
M-F-P,1,1,0E-1G-2X,PASS,CLEAR,PASS-STRUCTURAL,N/A,N/A,OPEN,GLOBAL-FLAG,N/A,N/A,ABLATION-RUN,OPEN,PASS-TOPOLOGY,MAJOR-FLAG,N/A,TOY-ONLY,OPEN,N/A,OPEN,MAJOR-FLAG,OPEN,OPEN,TOY-ONLY,CONDITIONAL,MAJOR-FLAG,N/A,PASS-ENGINEERING,OPEN,PASS-TOPOLOGY,PASS-REPAIR,OPEN,OPEN,MAJOR-FLAG,PASS-ENGINEERING,N/A,GLOBAL-ALERT,MAJOR-FLAG,N/A,TOY-ONLY,PASS-ENGINEERING,DISCIPLINE,OPEN,OPEN,TOY-ONLY,N/A,PASS-TOPOLOGY,TOY-ONLY
M-F-A,1,1,0E-1G-2X,PASS,CLEAR,PASS-STRUCTURAL,N/A,N/A,OPEN,GLOBAL-FLAG,N/A,N/A,ABLATION-RUN,OPEN,PASS-TOPOLOGY,MAJOR-FLAG,N/A,TOY-ONLY,OPEN,N/A,OPEN,MAJOR-FLAG,OPEN,OPEN,TOY-ONLY,CONDITIONAL,MAJOR-FLAG,N/A,PASS-ENGINEERING,OPEN,PASS-TOPOLOGY,PASS-REPAIR,OPEN,OPEN,MAJOR-FLAG,PASS-ENGINEERING,N/A,GLOBAL-ALERT,MAJOR-FLAG,N/A,TOY-ONLY,PASS-ENGINEERING,DISCIPLINE,OPEN,OPEN,TOY-ONLY,N/A,PASS-TOPOLOGY,TOY-ONLY
M-W-T,1,1,0E-1G-2X,PASS,CLEAR,PASS-STRUCTURAL,N/A,N/A,OPEN,GLOBAL-FLAG,N/A,N/A,ABLATION-RUN,OPEN,PASS-TOPOLOGY,MAJOR-FLAG,N/A,TOY-ONLY,OPEN,N/A,OPEN,MAJOR-FLAG,OPEN,OPEN,TOY-ONLY,CONDITIONAL,MAJOR-FLAG,N/A,PASS-ENGINEERING,OPEN,PASS-TOPOLOGY,PASS-REPAIR,OPEN,OPEN,MAJOR-FLAG,PASS-ENGINEERING,N/A,GLOBAL-ALERT,MAJOR-FLAG,N/A,TOY-ONLY,PASS-ENGINEERING,DISCIPLINE,OPEN,OPEN,TOY-ONLY,N/A,PASS-TOPOLOGY,TOY-ONLY
M-W-I,1,1,0E-1G-2X,PASS,CLEAR,PASS-STRUCTURAL,N/A,N/A,OPEN,GLOBAL-FLAG,N/A,N/A,ABLATION-RUN,OPEN,PASS-TOPOLOGY,MAJOR-FLAG,N/A,TOY-ONLY,OPEN,N/A,OPEN,MAJOR-FLAG,OPEN,OPEN,TOY-ONLY,CONDITIONAL,MAJOR-FLAG,N/A,PASS-ENGINEERING,OPEN,PASS-TOPOLOGY,PASS-REPAIR,OPEN,OPEN,MAJOR-FLAG,PASS-ENGINEERING,N/A,GLOBAL-ALERT,MAJOR-FLAG,N/A,TOY-ONLY,PASS-ENGINEERING,DISCIPLINE,OPEN,OPEN,TOY-ONLY,N/A,PASS-TOPOLOGY,TOY-ONLY
M-W-R,1,1,0E-1G-2X,PASS,CLEAR,PASS-STRUCTURAL,N/A,N/A,OPEN,GLOBAL-FLAG,N/A,N/A,ABLATION-RUN,OPEN,PASS-TOPOLOGY,MAJOR-FLAG,N/A,TOY-ONLY,OPEN,N/A,OPEN,MAJOR-FLAG,OPEN,OPEN,TOY-ONLY,CONDITIONAL,MAJOR-FLAG,N/A,PASS-ENGINEERING,OPEN,PASS-TOPOLOGY,PASS-REPAIR,OPEN,OPEN,MAJOR-FLAG,PASS-ENGINEERING,N/A,GLOBAL-ALERT,MAJOR-FLAG,N/A,TOY-ONLY,PASS-ENGINEERING,DISCIPLINE,OPEN,OPEN,TOY-ONLY,N/A,PASS-TOPOLOGY,TOY-ONLY
M-W-H,1,1,0E-1G-2X,PASS,CLEAR,PASS-STRUCTURAL,N/A,N/A,OPEN,GLOBAL-FLAG,N/A,N/A,ABLATION-RUN,OPEN,PASS-TOPOLOGY,MAJOR-FLAG,N/A,TOY-ONLY,OPEN,N/A,OPEN,MAJOR-FLAG,OPEN,OPEN,TOY-ONLY,CONDITIONAL,MAJOR-FLAG,N/A,PASS-ENGINEERING,OPEN,PASS-TOPOLOGY,PASS-REPAIR,OPEN,OPEN,MAJOR-FLAG,PASS-ENGINEERING,N/A,GLOBAL-ALERT,MAJOR-FLAG,N/A,TOY-ONLY,PASS-ENGINEERING,DISCIPLINE,OPEN,OPEN,TOY-ONLY,N/A,PASS-TOPOLOGY,TOY-ONLY
M-W-P,1,1,0E-1G-2X,PASS,CLEAR,PASS-STRUCTURAL,N/A,N/A,OPEN,GLOBAL-FLAG,N/A,N/A,ABLATION-RUN,OPEN,PASS-TOPOLOGY,MAJOR-FLAG,N/A,TOY-ONLY,OPEN,N/A,OPEN,MAJOR-FLAG,OPEN,OPEN,TOY-ONLY,CONDITIONAL,MAJOR-FLAG,N/A,PASS-ENGINEERING,OPEN,PASS-TOPOLOGY,PASS-REPAIR,OPEN,OPEN,MAJOR-FLAG,PASS-ENGINEERING,N/A,GLOBAL-ALERT,MAJOR-FLAG,N/A,TOY-ONLY,PASS-ENGINEERING,DISCIPLINE,OPEN,OPEN,TOY-ONLY,N/A,PASS-TOPOLOGY,TOY-ONLY
M-W-A,1,1,0E-1G-2X,PASS,CLEAR,PASS-STRUCTURAL,N/A,N/A,OPEN,GLOBAL-FLAG,N/A,N/A,ABLATION-RUN,OPEN,PASS-TOPOLOGY,MAJOR-FLAG,N/A,TOY-ONLY,OPEN,N/A,OPEN,MAJOR-FLAG,OPEN,OPEN,TOY-ONLY,CONDITIONAL,MAJOR-FLAG,N/A,PASS-ENGINEERING,OPEN,PASS-TOPOLOGY,PASS-REPAIR,OPEN,OPEN,MAJOR-FLAG,PASS-ENGINEERING,N/A,GLOBAL-ALERT,MAJOR-FLAG,N/A,TOY-ONLY,PASS-ENGINEERING,DISCIPLINE,OPEN,OPEN,TOY-ONLY,N/A,PASS-TOPOLOGY,TOY-ONLY
M-T-I,1,1,0E-1G-2X,PASS,CLEAR,PASS-STRUCTURAL,N/A,N/A,OPEN,GLOBAL-FLAG,N/A,N/A,ABLATION-RUN,OPEN,PASS-TOPOLOGY,MAJOR-FLAG,N/A,TOY-ONLY,OPEN,N/A,OPEN,MAJOR-FLAG,OPEN,OPEN,TOY-ONLY,CONDITIONAL,MAJOR-FLAG,N/A,PASS-ENGINEERING,OPEN,PASS-TOPOLOGY,PASS-REPAIR,OPEN,OPEN,MAJOR-FLAG,PASS-ENGINEERING,N/A,GLOBAL-ALERT,MAJOR-FLAG,N/A,TOY-ONLY,PASS-ENGINEERING,DISCIPLINE,OPEN,OPEN,TOY-ONLY,N/A,PASS-TOPOLOGY,TOY-ONLY
M-T-R,1,1,0E-1G-2X,PASS,CLEAR,PASS-STRUCTURAL,N/A,N/A,OPEN,GLOBAL-FLAG,N/A,N/A,ABLATION-RUN,OPEN,PASS-TOPOLOGY,MAJOR-FLAG,N/A,TOY-ONLY,OPEN,N/A,OPEN,MAJOR-FLAG,OPEN,OPEN,TOY-ONLY,CONDITIONAL,MAJOR-FLAG,N/A,PASS-ENGINEERING,OPEN,PASS-TOPOLOGY,PASS-REPAIR,OPEN,OPEN,MAJOR-FLAG,PASS-ENGINEERING,N/A,GLOBAL-ALERT,MAJOR-FLAG,N/A,TOY-ONLY,PASS-ENGINEERING,DISCIPLINE,OPEN,OPEN,TOY-ONLY,N/A,PASS-TOPOLOGY,TOY-ONLY
M-T-H,1,1,0E-1G-2X,PASS,CLEAR,PASS-STRUCTURAL,N/A,N/A,OPEN,GLOBAL-FLAG,N/A,N/A,ABLATION-RUN,OPEN,PASS-TOPOLOGY,MAJOR-FLAG,N/A,TOY-ONLY,OPEN,N/A,OPEN,MAJOR-FLAG,OPEN,OPEN,TOY-ONLY,CONDITIONAL,MAJOR-FLAG,N/A,PASS-ENGINEERING,OPEN,PASS-TOPOLOGY,PASS-REPAIR,OPEN,OPEN,MAJOR-FLAG,PASS-ENGINEERING,N/A,GLOBAL-ALERT,MAJOR-FLAG,N/A,TOY-ONLY,PASS-ENGINEERING,DISCIPLINE,OPEN,OPEN,TOY-ONLY,N/A,PASS-TOPOLOGY,TOY-ONLY
M-T-P,1,1,0E-1G-2X,PASS,CLEAR,PASS-STRUCTURAL,N/A,N/A,OPEN,GLOBAL-FLAG,N/A,N/A,ABLATION-RUN,OPEN,PASS-TOPOLOGY,MAJOR-FLAG,N/A,TOY-ONLY,OPEN,N/A,OPEN,MAJOR-FLAG,OPEN,OPEN,TOY-ONLY,CONDITIONAL,MAJOR-FLAG,N/A,PASS-ENGINEERING,OPEN,PASS-TOPOLOGY,PASS-REPAIR,OPEN,OPEN,MAJOR-FLAG,PASS-ENGINEERING,N/A,GLOBAL-ALERT,MAJOR-FLAG,N/A,TOY-ONLY,PASS-ENGINEERING,DISCIPLINE,OPEN,OPEN,TOY-ONLY,N/A,PASS-TOPOLOGY,TOY-ONLY
M-T-A,1,1,0E-1G-2X,PASS,CLEAR,PASS-STRUCTURAL,N/A,N/A,OPEN,GLOBAL-FLAG,N/A,N/A,ABLATION-RUN,OPEN,PASS-TOPOLOGY,MAJOR-FLAG,N/A,TOY-ONLY,OPEN,N/A,OPEN,MAJOR-FLAG,OPEN,OPEN,TOY-ONLY,CONDITIONAL,MAJOR-FLAG,N/A,PASS-ENGINEERING,OPEN,PASS-TOPOLOGY,PASS-REPAIR,OPEN,OPEN,MAJOR-FLAG,PASS-ENGINEERING,N/A,GLOBAL-ALERT,MAJOR-FLAG,N/A,TOY-ONLY,PASS-ENGINEERING,DISCIPLINE,OPEN,OPEN,TOY-ONLY,N/A,PASS-TOPOLOGY,TOY-ONLY
M-I-R,1,1,0E-1G-2X,PASS,CLEAR,PASS-STRUCTURAL,N/A,N/A,OPEN,GLOBAL-FLAG,N/A,N/A,ABLATION-RUN,OPEN,PASS-TOPOLOGY,MAJOR-FLAG,N/A,TOY-ONLY,OPEN,N/A,OPEN,MAJOR-FLAG,OPEN,OPEN,TOY-ONLY,CONDITIONAL,MAJOR-FLAG,N/A,PASS-ENGINEERING,OPEN,PASS-TOPOLOGY,PASS-REPAIR,OPEN,OPEN,MAJOR-FLAG,PASS-ENGINEERING,N/A,GLOBAL-ALERT,MAJOR-FLAG,N/A,TOY-ONLY,PASS-ENGINEERING,DISCIPLINE,OPEN,OPEN,TOY-ONLY,N/A,PASS-TOPOLOGY,TOY-ONLY
M-I-H,1,1,0E-1G-2X,PASS,CLEAR,PASS-STRUCTURAL,N/A,N/A,OPEN,GLOBAL-FLAG,N/A,N/A,ABLATION-RUN,OPEN,PASS-TOPOLOGY,MAJOR-FLAG,N/A,TOY-ONLY,OPEN,N/A,OPEN,MAJOR-FLAG,OPEN,OPEN,TOY-ONLY,CONDITIONAL,MAJOR-FLAG,N/A,PASS-ENGINEERING,OPEN,PASS-TOPOLOGY,PASS-REPAIR,OPEN,OPEN,MAJOR-FLAG,PASS-ENGINEERING,N/A,GLOBAL-ALERT,MAJOR-FLAG,N/A,TOY-ONLY,PASS-ENGINEERING,DISCIPLINE,OPEN,OPEN,TOY-ONLY,N/A,PASS-TOPOLOGY,TOY-ONLY
M-I-P,1,1,0E-1G-2X,PASS,CLEAR,PASS-STRUCTURAL,N/A,N/A,OPEN,GLOBAL-FLAG,N/A,N/A,ABLATION-RUN,OPEN,PASS-TOPOLOGY,MAJOR-FLAG,N/A,TOY-ONLY,OPEN,N/A,OPEN,MAJOR-FLAG,OPEN,OPEN,TOY-ONLY,CONDITIONAL,MAJOR-FLAG,N/A,PASS-ENGINEERING,OPEN,PASS-TOPOLOGY,PASS-REPAIR,OPEN,OPEN,MAJOR-FLAG,PASS-ENGINEERING,N/A,GLOBAL-ALERT,MAJOR-FLAG,N/A,TOY-ONLY,PASS-ENGINEERING,DISCIPLINE,OPEN,OPEN,TOY-ONLY,N/A,PASS-TOPOLOGY,TOY-ONLY
M-I-A,1,1,0E-1G-2X,PASS,CLEAR,PASS-STRUCTURAL,N/A,N/A,OPEN,GLOBAL-FLAG,N/A,N/A,ABLATION-RUN,OPEN,PASS-TOPOLOGY,MAJOR-FLAG,N/A,TOY-ONLY,OPEN,N/A,OPEN,MAJOR-FLAG,OPEN,OPEN,TOY-ONLY,CONDITIONAL,MAJOR-FLAG,N/A,PASS-ENGINEERING,OPEN,PASS-TOPOLOGY,PASS-REPAIR,OPEN,OPEN,MAJOR-FLAG,PASS-ENGINEERING,N/A,GLOBAL-ALERT,MAJOR-FLAG,N/A,TOY-ONLY,PASS-ENGINEERING,DISCIPLINE,OPEN,OPEN,TOY-ONLY,N/A,PASS-TOPOLOGY,TOY-ONLY
M-R-H,1,1,0E-1G-2X,PASS,CLEAR,PASS-STRUCTURAL,N/A,N/A,OPEN,GLOBAL-FLAG,N/A,N/A,ABLATION-RUN,OPEN,PASS-TOPOLOGY,MAJOR-FLAG,N/A,TOY-ONLY,OPEN,N/A,OPEN,MAJOR-FLAG,OPEN,OPEN,TOY-ONLY,CONDITIONAL,MAJOR-FLAG,N/A,PASS-ENGINEERING,OPEN,PASS-TOPOLOGY,PASS-REPAIR,OPEN,OPEN,MAJOR-FLAG,PASS-ENGINEERING,N/A,GLOBAL-ALERT,MAJOR-FLAG,N/A,TOY-ONLY,PASS-ENGINEERING,DISCIPLINE,OPEN,OPEN,TOY-ONLY,N/A,PASS-TOPOLOGY,TOY-ONLY
M-R-P,1,1,0E-1G-2X,PASS,CLEAR,PASS-STRUCTURAL,N/A,N/A,OPEN,GLOBAL-FLAG,N/A,N/A,ABLATION-RUN,OPEN,PASS-TOPOLOGY,MAJOR-FLAG,N/A,TOY-ONLY,OPEN,N/A,OPEN,MAJOR-FLAG,OPEN,OPEN,TOY-ONLY,CONDITIONAL,MAJOR-FLAG,N/A,PASS-ENGINEERING,OPEN,PASS-TOPOLOGY,PASS-REPAIR,OPEN,OPEN,MAJOR-FLAG,PASS-ENGINEERING,N/A,GLOBAL-ALERT,MAJOR-FLAG,N/A,TOY-ONLY,PASS-ENGINEERING,DISCIPLINE,OPEN,OPEN,TOY-ONLY,N/A,PASS-TOPOLOGY,TOY-ONLY
M-R-A,1,1,0E-1G-2X,PASS,CLEAR,PASS-STRUCTURAL,N/A,N/A,OPEN,GLOBAL-FLAG,N/A,N/A,ABLATION-RUN,OPEN,PASS-TOPOLOGY,MAJOR-FLAG,N/A,TOY-ONLY,OPEN,N/A,OPEN,MAJOR-FLAG,OPEN,OPEN,TOY-ONLY,CONDITIONAL,MAJOR-FLAG,N/A,PASS-ENGINEERING,OPEN,PASS-TOPOLOGY,PASS-REPAIR,OPEN,OPEN,MAJOR-FLAG,PASS-ENGINEERING,N/A,GLOBAL-ALERT,MAJOR-FLAG,N/A,TOY-ONLY,PASS-ENGINEERING,DISCIPLINE,OPEN,OPEN,TOY-ONLY,N/A,PASS-TOPOLOGY,TOY-ONLY
M-H-P,1,1,0E-1G-2X,PASS,CLEAR,PASS-STRUCTURAL,N/A,N/A,OPEN,GLOBAL-FLAG,N/A,N/A,ABLATION-RUN,OPEN,PASS-TOPOLOGY,MAJOR-FLAG,N/A,TOY-ONLY,OPEN,N/A,OPEN,MAJOR-FLAG,OPEN,OPEN,TOY-ONLY,CONDITIONAL,MAJOR-FLAG,N/A,PASS-ENGINEERING,OPEN,PASS-TOPOLOGY,PASS-REPAIR,OPEN,OPEN,MAJOR-FLAG,PASS-ENGINEERING,N/A,GLOBAL-ALERT,MAJOR-FLAG,N/A,TOY-ONLY,PASS-ENGINEERING,DISCIPLINE,OPEN,OPEN,TOY-ONLY,N/A,PASS-TOPOLOGY,TOY-ONLY
M-H-A,1,1,0E-1G-2X,PASS,CLEAR,PASS-STRUCTURAL,N/A,N/A,OPEN,GLOBAL-FLAG,N/A,N/A,ABLATION-RUN,OPEN,PASS-TOPOLOGY,MAJOR-FLAG,N/A,TOY-ONLY,OPEN,N/A,OPEN,MAJOR-FLAG,OPEN,OPEN,TOY-ONLY,CONDITIONAL,MAJOR-FLAG,N/A,PASS-ENGINEERING,OPEN,PASS-TOPOLOGY,PASS-REPAIR,OPEN,OPEN,MAJOR-FLAG,PASS-ENGINEERING,N/A,GLOBAL-ALERT,MAJOR-FLAG,N/A,TOY-ONLY,PASS-ENGINEERING,DISCIPLINE,OPEN,OPEN,TOY-ONLY,N/A,PASS-TOPOLOGY,TOY-ONLY
M-P-A,1,1,0E-1G-2X,PASS,CLEAR,PASS-STRUCTURAL,N/A,N/A,OPEN,GLOBAL-FLAG,N/A,N/A,ABLATION-RUN,OPEN,PASS-TOPOLOGY,MAJOR-FLAG,N/A,TOY-ONLY,OPEN,N/A,OPEN,MAJOR-FLAG,OPEN,OPEN,TOY-ONLY,CONDITIONAL,MAJOR-FLAG,N/A,PASS-ENGINEERING,OPEN,PASS-TOPOLOGY,PASS-REPAIR,OPEN,OPEN,MAJOR-FLAG,PASS-ENGINEERING,N/A,GLOBAL-ALERT,MAJOR-FLAG,N/A,TOY-ONLY,PASS-ENGINEERING,DISCIPLINE,OPEN,OPEN,TOY-ONLY,N/A,PASS-TOPOLOGY,TOY-ONLY
S-F-W,1,1,0E-1G-2X,PASS,CLEAR,PASS-STRUCTURAL,N/A,N/A,OPEN,GLOBAL-FLAG,N/A,N/A,ABLATION-RUN,OPEN,PASS-TOPOLOGY,MAJOR-FLAG,N/A,TOY-ONLY,OPEN,N/A,OPEN,MAJOR-FLAG,OPEN,OPEN,TOY-ONLY,CONDITIONAL,MAJOR-FLAG,N/A,PASS-ENGINEERING,OPEN,PASS-TOPOLOGY,PASS-REPAIR,OPEN,OPEN,MAJOR-FLAG,PASS-ENGINEERING,N/A,GLOBAL-ALERT,MAJOR-FLAG,N/A,TOY-ONLY,PASS-ENGINEERING,DISCIPLINE,OPEN,OPEN,TOY-ONLY,N/A,PASS-TOPOLOGY,TOY-ONLY
S-F-T,1,1,0E-1G-2X,PASS,CLEAR,PASS-STRUCTURAL,N/A,N/A,OPEN,GLOBAL-FLAG,N/A,N/A,ABLATION-RUN,OPEN,PASS-TOPOLOGY,MAJOR-FLAG,N/A,TOY-ONLY,OPEN,N/A,OPEN,MAJOR-FLAG,OPEN,OPEN,TOY-ONLY,CONDITIONAL,MAJOR-FLAG,N/A,PASS-ENGINEERING,OPEN,PASS-TOPOLOGY,PASS-REPAIR,OPEN,OPEN,MAJOR-FLAG,PASS-ENGINEERING,N/A,GLOBAL-ALERT,MAJOR-FLAG,N/A,TOY-ONLY,PASS-ENGINEERING,DISCIPLINE,OPEN,OPEN,TOY-ONLY,N/A,PASS-TOPOLOGY,TOY-ONLY
S-F-I,1,1,0E-1G-2X,PASS,CLEAR,PASS-STRUCTURAL,N/A,N/A,OPEN,GLOBAL-FLAG,N/A,N/A,ABLATION-RUN,OPEN,PASS-TOPOLOGY,MAJOR-FLAG,N/A,TOY-ONLY,OPEN,N/A,OPEN,MAJOR-FLAG,OPEN,OPEN,TOY-ONLY,CONDITIONAL,MAJOR-FLAG,N/A,PASS-ENGINEERING,OPEN,PASS-TOPOLOGY,PASS-REPAIR,OPEN,OPEN,MAJOR-FLAG,PASS-ENGINEERING,N/A,GLOBAL-ALERT,MAJOR-FLAG,N/A,TOY-ONLY,PASS-ENGINEERING,DISCIPLINE,OPEN,OPEN,TOY-ONLY,N/A,PASS-TOPOLOGY,TOY-ONLY
S-F-R,1,1,0E-1G-2X,PASS,CLEAR,PASS-STRUCTURAL,N/A,N/A,OPEN,GLOBAL-FLAG,N/A,N/A,ABLATION-RUN,OPEN,PASS-TOPOLOGY,MAJOR-FLAG,N/A,TOY-ONLY,OPEN,N/A,OPEN,MAJOR-FLAG,OPEN,OPEN,TOY-ONLY,CONDITIONAL,MAJOR-FLAG,N/A,PASS-ENGINEERING,OPEN,PASS-TOPOLOGY,PASS-REPAIR,OPEN,OPEN,MAJOR-FLAG,PASS-ENGINEERING,N/A,GLOBAL-ALERT,MAJOR-FLAG,N/A,TOY-ONLY,PASS-ENGINEERING,DISCIPLINE,OPEN,OPEN,TOY-ONLY,N/A,PASS-TOPOLOGY,TOY-ONLY
S-F-H,1,1,0E-1G-2X,PASS,CLEAR,PASS-STRUCTURAL,N/A,N/A,OPEN,GLOBAL-FLAG,N/A,N/A,ABLATION-RUN,OPEN,PASS-TOPOLOGY,MAJOR-FLAG,N/A,TOY-ONLY,OPEN,N/A,OPEN,MAJOR-FLAG,OPEN,OPEN,TOY-ONLY,CONDITIONAL,MAJOR-FLAG,N/A,PASS-ENGINEERING,OPEN,PASS-TOPOLOGY,PASS-REPAIR,OPEN,OPEN,MAJOR-FLAG,PASS-ENGINEERING,N/A,GLOBAL-ALERT,MAJOR-FLAG,N/A,TOY-ONLY,PASS-ENGINEERING,DISCIPLINE,OPEN,OPEN,TOY-ONLY,N/A,PASS-TOPOLOGY,TOY-ONLY
S-F-P,1,1,0E-1G-2X,PASS,CLEAR,PASS-STRUCTURAL,N/A,N/A,OPEN,GLOBAL-FLAG,N/A,N/A,ABLATION-RUN,OPEN,PASS-TOPOLOGY,MAJOR-FLAG,N/A,TOY-ONLY,OPEN,N/A,OPEN,MAJOR-FLAG,OPEN,OPEN,TOY-ONLY,CONDITIONAL,MAJOR-FLAG,N/A,PASS-ENGINEERING,OPEN,PASS-TOPOLOGY,PASS-REPAIR,OPEN,OPEN,MAJOR-FLAG,PASS-ENGINEERING,N/A,GLOBAL-ALERT,MAJOR-FLAG,N/A,TOY-ONLY,PASS-ENGINEERING,DISCIPLINE,OPEN,OPEN,TOY-ONLY,N/A,PASS-TOPOLOGY,TOY-ONLY
S-F-A,1,1,0E-1G-2X,PASS,CLEAR,PASS-STRUCTURAL,N/A,N/A,OPEN,GLOBAL-FLAG,N/A,N/A,ABLATION-RUN,OPEN,PASS-TOPOLOGY,MAJOR-FLAG,N/A,TOY-ONLY,OPEN,N/A,OPEN,MAJOR-FLAG,OPEN,OPEN,TOY-ONLY,CONDITIONAL,MAJOR-FLAG,N/A,PASS-ENGINEERING,OPEN,PASS-TOPOLOGY,PASS-REPAIR,OPEN,OPEN,MAJOR-FLAG,PASS-ENGINEERING,N/A,GLOBAL-ALERT,MAJOR-FLAG,N/A,TOY-ONLY,PASS-ENGINEERING,DISCIPLINE,OPEN,OPEN,TOY-ONLY,N/A,PASS-TOPOLOGY,TOY-ONLY
S-W-T,1,1,0E-1G-2X,PASS,CLEAR,PASS-STRUCTURAL,N/A,N/A,OPEN,GLOBAL-FLAG,N/A,N/A,ABLATION-RUN,OPEN,PASS-TOPOLOGY,MAJOR-FLAG,N/A,TOY-ONLY,OPEN,N/A,OPEN,MAJOR-FLAG,OPEN,OPEN,TOY-ONLY,CONDITIONAL,MAJOR-FLAG,N/A,PASS-ENGINEERING,OPEN,PASS-TOPOLOGY,PASS-REPAIR,OPEN,OPEN,MAJOR-FLAG,PASS-ENGINEERING,N/A,GLOBAL-ALERT,MAJOR-FLAG,N/A,TOY-ONLY,PASS-ENGINEERING,DISCIPLINE,OPEN,OPEN,TOY-ONLY,N/A,PASS-TOPOLOGY,TOY-ONLY
S-W-I,1,1,0E-1G-2X,PASS,CLEAR,PASS-STRUCTURAL,N/A,N/A,OPEN,GLOBAL-FLAG,N/A,N/A,ABLATION-RUN,OPEN,PASS-TOPOLOGY,MAJOR-FLAG,N/A,TOY-ONLY,OPEN,N/A,OPEN,MAJOR-FLAG,OPEN,OPEN,TOY-ONLY,CONDITIONAL,MAJOR-FLAG,N/A,PASS-ENGINEERING,OPEN,PASS-TOPOLOGY,PASS-REPAIR,OPEN,OPEN,MAJOR-FLAG,PASS-ENGINEERING,N/A,GLOBAL-ALERT,MAJOR-FLAG,N/A,TOY-ONLY,PASS-ENGINEERING,DISCIPLINE,OPEN,OPEN,TOY-ONLY,N/A,PASS-TOPOLOGY,TOY-ONLY
S-W-R,1,1,0E-1G-2X,PASS,CLEAR,PASS-STRUCTURAL,N/A,N/A,OPEN,GLOBAL-FLAG,N/A,N/A,ABLATION-RUN,OPEN,PASS-TOPOLOGY,MAJOR-FLAG,N/A,TOY-ONLY,OPEN,N/A,OPEN,MAJOR-FLAG,OPEN,OPEN,TOY-ONLY,CONDITIONAL,MAJOR-FLAG,N/A,PASS-ENGINEERING,OPEN,PASS-TOPOLOGY,PASS-REPAIR,OPEN,OPEN,MAJOR-FLAG,PASS-ENGINEERING,N/A,GLOBAL-ALERT,MAJOR-FLAG,N/A,TOY-ONLY,PASS-ENGINEERING,DISCIPLINE,OPEN,OPEN,TOY-ONLY,N/A,PASS-TOPOLOGY,TOY-ONLY
S-W-H,1,1,0E-1G-2X,PASS,CLEAR,PASS-STRUCTURAL,N/A,N/A,OPEN,GLOBAL-FLAG,N/A,N/A,ABLATION-RUN,OPEN,PASS-TOPOLOGY,MAJOR-FLAG,N/A,TOY-ONLY,OPEN,N/A,OPEN,MAJOR-FLAG,OPEN,OPEN,TOY-ONLY,CONDITIONAL,MAJOR-FLAG,N/A,PASS-ENGINEERING,OPEN,PASS-TOPOLOGY,PASS-REPAIR,OPEN,OPEN,MAJOR-FLAG,PASS-ENGINEERING,N/A,GLOBAL-ALERT,MAJOR-FLAG,N/A,TOY-ONLY,PASS-ENGINEERING,DISCIPLINE,OPEN,OPEN,TOY-ONLY,N/A,PASS-TOPOLOGY,TOY-ONLY
S-W-P,1,1,0E-1G-2X,PASS,CLEAR,PASS-STRUCTURAL,N/A,N/A,OPEN,GLOBAL-FLAG,N/A,N/A,ABLATION-RUN,OPEN,PASS-TOPOLOGY,MAJOR-FLAG,N/A,TOY-ONLY,OPEN,N/A,OPEN,MAJOR-FLAG,OPEN,OPEN,TOY-ONLY,CONDITIONAL,MAJOR-FLAG,N/A,PASS-ENGINEERING,OPEN,PASS-TOPOLOGY,PASS-REPAIR,OPEN,OPEN,MAJOR-FLAG,PASS-ENGINEERING,N/A,GLOBAL-ALERT,MAJOR-FLAG,N/A,TOY-ONLY,PASS-ENGINEERING,DISCIPLINE,OPEN,OPEN,TOY-ONLY,N/A,PASS-TOPOLOGY,TOY-ONLY
S-W-A,1,1,0E-1G-2X,PASS,CLEAR,PASS-STRUCTURAL,N/A,N/A,OPEN,GLOBAL-FLAG,N/A,N/A,ABLATION-RUN,OPEN,PASS-TOPOLOGY,MAJOR-FLAG,N/A,TOY-ONLY,OPEN,N/A,OPEN,MAJOR-FLAG,OPEN,OPEN,TOY-ONLY,CONDITIONAL,MAJOR-FLAG,N/A,PASS-ENGINEERING,OPEN,PASS-TOPOLOGY,PASS-REPAIR,OPEN,OPEN,MAJOR-FLAG,PASS-ENGINEERING,N/A,GLOBAL-ALERT,MAJOR-FLAG,N/A,TOY-ONLY,PASS-ENGINEERING,DISCIPLINE,OPEN,OPEN,TOY-ONLY,N/A,PASS-TOPOLOGY,TOY-ONLY
S-T-I,1,1,0E-1G-2X,PASS,CLEAR,PASS-STRUCTURAL,N/A,N/A,OPEN,GLOBAL-FLAG,N/A,N/A,ABLATION-RUN,OPEN,PASS-TOPOLOGY,MAJOR-FLAG,N/A,TOY-ONLY,OPEN,N/A,OPEN,MAJOR-FLAG,OPEN,OPEN,TOY-ONLY,CONDITIONAL,MAJOR-FLAG,N/A,PASS-ENGINEERING,OPEN,PASS-TOPOLOGY,PASS-REPAIR,OPEN,OPEN,MAJOR-FLAG,PASS-ENGINEERING,N/A,GLOBAL-ALERT,MAJOR-FLAG,N/A,TOY-ONLY,PASS-ENGINEERING,DISCIPLINE,OPEN,OPEN,TOY-ONLY,N/A,PASS-TOPOLOGY,TOY-ONLY
S-T-R,1,1,0E-1G-2X,PASS,CLEAR,PASS-STRUCTURAL,N/A,N/A,OPEN,GLOBAL-FLAG,N/A,N/A,ABLATION-RUN,OPEN,PASS-TOPOLOGY,MAJOR-FLAG,N/A,TOY-ONLY,OPEN,N/A,OPEN,MAJOR-FLAG,OPEN,OPEN,TOY-ONLY,CONDITIONAL,MAJOR-FLAG,N/A,PASS-ENGINEERING,OPEN,PASS-TOPOLOGY,PASS-REPAIR,OPEN,OPEN,MAJOR-FLAG,PASS-ENGINEERING,N/A,GLOBAL-ALERT,MAJOR-FLAG,N/A,TOY-ONLY,PASS-ENGINEERING,DISCIPLINE,OPEN,OPEN,TOY-ONLY,N/A,PASS-TOPOLOGY,TOY-ONLY
S-T-H,1,1,0E-1G-2X,PASS,CLEAR,PASS-STRUCTURAL,N/A,N/A,OPEN,GLOBAL-FLAG,N/A,N/A,ABLATION-RUN,OPEN,PASS-TOPOLOGY,MAJOR-FLAG,N/A,TOY-ONLY,OPEN,N/A,OPEN,MAJOR-FLAG,OPEN,OPEN,TOY-ONLY,CONDITIONAL,MAJOR-FLAG,N/A,PASS-ENGINEERING,OPEN,PASS-TOPOLOGY,PASS-REPAIR,OPEN,OPEN,MAJOR-FLAG,PASS-ENGINEERING,N/A,GLOBAL-ALERT,MAJOR-FLAG,N/A,TOY-ONLY,PASS-ENGINEERING,DISCIPLINE,OPEN,OPEN,TOY-ONLY,N/A,PASS-TOPOLOGY,TOY-ONLY
S-T-P,1,1,0E-1G-2X,PASS,CLEAR,PASS-STRUCTURAL,N/A,N/A,OPEN,GLOBAL-FLAG,N/A,N/A,ABLATION-RUN,OPEN,PASS-TOPOLOGY,MAJOR-FLAG,N/A,TOY-ONLY,OPEN,N/A,OPEN,MAJOR-FLAG,OPEN,OPEN,TOY-ONLY,CONDITIONAL,MAJOR-FLAG,N/A,PASS-ENGINEERING,OPEN,PASS-TOPOLOGY,PASS-REPAIR,OPEN,OPEN,MAJOR-FLAG,PASS-ENGINEERING,N/A,GLOBAL-ALERT,MAJOR-FLAG,N/A,TOY-ONLY,PASS-ENGINEERING,DISCIPLINE,OPEN,OPEN,TOY-ONLY,N/A,PASS-TOPOLOGY,TOY-ONLY
S-T-A,1,1,0E-1G-2X,PASS,CLEAR,PASS-STRUCTURAL,N/A,N/A,OPEN,GLOBAL-FLAG,N/A,N/A,ABLATION-RUN,OPEN,PASS-TOPOLOGY,MAJOR-FLAG,N/A,TOY-ONLY,OPEN,N/A,OPEN,MAJOR-FLAG,OPEN,OPEN,TOY-ONLY,CONDITIONAL,MAJOR-FLAG,N/A,PASS-ENGINEERING,OPEN,PASS-TOPOLOGY,PASS-REPAIR,OPEN,OPEN,MAJOR-FLAG,PASS-ENGINEERING,N/A,GLOBAL-ALERT,MAJOR-FLAG,N/A,TOY-ONLY,PASS-ENGINEERING,DISCIPLINE,OPEN,OPEN,TOY-ONLY,N/A,PASS-TOPOLOGY,TOY-ONLY
S-I-R,1,1,0E-1G-2X,PASS,CLEAR,PASS-STRUCTURAL,N/A,N/A,OPEN,GLOBAL-FLAG,N/A,N/A,ABLATION-RUN,OPEN,PASS-TOPOLOGY,MAJOR-FLAG,N/A,TOY-ONLY,OPEN,N/A,OPEN,MAJOR-FLAG,OPEN,OPEN,TOY-ONLY,CONDITIONAL,MAJOR-FLAG,N/A,PASS-ENGINEERING,OPEN,PASS-TOPOLOGY,PASS-REPAIR,OPEN,OPEN,MAJOR-FLAG,PASS-ENGINEERING,N/A,GLOBAL-ALERT,MAJOR-FLAG,N/A,TOY-ONLY,PASS-ENGINEERING,DISCIPLINE,OPEN,OPEN,TOY-ONLY,N/A,PASS-TOPOLOGY,TOY-ONLY
S-I-H,1,1,0E-1G-2X,PASS,CLEAR,PASS-STRUCTURAL,N/A,N/A,OPEN,GLOBAL-FLAG,N/A,N/A,ABLATION-RUN,OPEN,PASS-TOPOLOGY,MAJOR-FLAG,N/A,TOY-ONLY,OPEN,N/A,OPEN,MAJOR-FLAG,OPEN,OPEN,TOY-ONLY,CONDITIONAL,MAJOR-FLAG,N/A,PASS-ENGINEERING,OPEN,PASS-TOPOLOGY,PASS-REPAIR,OPEN,OPEN,MAJOR-FLAG,PASS-ENGINEERING,N/A,GLOBAL-ALERT,MAJOR-FLAG,N/A,TOY-ONLY,PASS-ENGINEERING,DISCIPLINE,OPEN,OPEN,TOY-ONLY,N/A,PASS-TOPOLOGY,TOY-ONLY
S-I-P,1,1,0E-1G-2X,PASS,CLEAR,PASS-STRUCTURAL,N/A,N/A,OPEN,GLOBAL-FLAG,N/A,N/A,ABLATION-RUN,OPEN,PASS-TOPOLOGY,MAJOR-FLAG,N/A,TOY-ONLY,OPEN,N/A,OPEN,MAJOR-FLAG,OPEN,OPEN,TOY-ONLY,CONDITIONAL,MAJOR-FLAG,N/A,PASS-ENGINEERING,OPEN,PASS-TOPOLOGY,PASS-REPAIR,OPEN,OPEN,MAJOR-FLAG,PASS-ENGINEERING,N/A,GLOBAL-ALERT,MAJOR-FLAG,N/A,TOY-ONLY,PASS-ENGINEERING,DISCIPLINE,OPEN,OPEN,TOY-ONLY,N/A,PASS-TOPOLOGY,TOY-ONLY
S-I-A,1,1,0E-1G-2X,PASS,CLEAR,PASS-STRUCTURAL,N/A,N/A,OPEN,GLOBAL-FLAG,N/A,N/A,ABLATION-RUN,OPEN,PASS-TOPOLOGY,MAJOR-FLAG,N/A,TOY-ONLY,OPEN,N/A,OPEN,MAJOR-FLAG,OPEN,OPEN,TOY-ONLY,CONDITIONAL,MAJOR-FLAG,N/A,PASS-ENGINEERING,OPEN,PASS-TOPOLOGY,PASS-REPAIR,OPEN,OPEN,MAJOR-FLAG,PASS-ENGINEERING,N/A,GLOBAL-ALERT,MAJOR-FLAG,N/A,TOY-ONLY,PASS-ENGINEERING,DISCIPLINE,OPEN,OPEN,TOY-ONLY,N/A,PASS-TOPOLOGY,TOY-ONLY
S-R-H,1,1,0E-1G-2X,PASS,CLEAR,PASS-STRUCTURAL,N/A,N/A,OPEN,GLOBAL-FLAG,N/A,N/A,ABLATION-RUN,OPEN,PASS-TOPOLOGY,MAJOR-FLAG,N/A,TOY-ONLY,OPEN,N/A,OPEN,MAJOR-FLAG,OPEN,OPEN,TOY-ONLY,CONDITIONAL,MAJOR-FLAG,N/A,PASS-ENGINEERING,OPEN,PASS-TOPOLOGY,PASS-REPAIR,OPEN,OPEN,MAJOR-FLAG,PASS-ENGINEERING,N/A,GLOBAL-ALERT,MAJOR-FLAG,N/A,TOY-ONLY,PASS-ENGINEERING,DISCIPLINE,OPEN,OPEN,TOY-ONLY,N/A,PASS-TOPOLOGY,TOY-ONLY
S-R-P,1,1,0E-1G-2X,PASS,CLEAR,PASS-STRUCTURAL,N/A,N/A,OPEN,GLOBAL-FLAG,N/A,N/A,ABLATION-RUN,OPEN,PASS-TOPOLOGY,MAJOR-FLAG,N/A,TOY-ONLY,OPEN,N/A,OPEN,MAJOR-FLAG,OPEN,OPEN,TOY-ONLY,CONDITIONAL,MAJOR-FLAG,N/A,PASS-ENGINEERING,OPEN,PASS-TOPOLOGY,PASS-REPAIR,OPEN,OPEN,MAJOR-FLAG,PASS-ENGINEERING,N/A,GLOBAL-ALERT,MAJOR-FLAG,N/A,TOY-ONLY,PASS-ENGINEERING,DISCIPLINE,OPEN,OPEN,TOY-ONLY,N/A,PASS-TOPOLOGY,TOY-ONLY
S-R-A,1,1,0E-1G-2X,PASS,CLEAR,PASS-STRUCTURAL,N/A,N/A,OPEN,GLOBAL-FLAG,N/A,N/A,ABLATION-RUN,OPEN,PASS-TOPOLOGY,MAJOR-FLAG,N/A,TOY-ONLY,OPEN,N/A,OPEN,MAJOR-FLAG,OPEN,OPEN,TOY-ONLY,CONDITIONAL,MAJOR-FLAG,N/A,PASS-ENGINEERING,OPEN,PASS-TOPOLOGY,PASS-REPAIR,OPEN,OPEN,MAJOR-FLAG,PASS-ENGINEERING,N/A,GLOBAL-ALERT,MAJOR-FLAG,N/A,TOY-ONLY,PASS-ENGINEERING,DISCIPLINE,OPEN,OPEN,TOY-ONLY,N/A,PASS-TOPOLOGY,TOY-ONLY
S-H-P,1,1,0E-1G-2X,PASS,CLEAR,PASS-STRUCTURAL,N/A,N/A,OPEN,GLOBAL-FLAG,N/A,N/A,ABLATION-RUN,OPEN,PASS-TOPOLOGY,MAJOR-FLAG,N/A,TOY-ONLY,OPEN,N/A,OPEN,MAJOR-FLAG,OPEN,OPEN,TOY-ONLY,CONDITIONAL,MAJOR-FLAG,N/A,PASS-ENGINEERING,OPEN,PASS-TOPOLOGY,PASS-REPAIR,OPEN,OPEN,MAJOR-FLAG,PASS-ENGINEERING,N/A,GLOBAL-ALERT,MAJOR-FLAG,N/A,TOY-ONLY,PASS-ENGINEERING,DISCIPLINE,OPEN,OPEN,TOY-ONLY,N/A,PASS-TOPOLOGY,TOY-ONLY
S-H-A,1,1,0E-1G-2X,PASS,CLEAR,PASS-STRUCTURAL,N/A,N/A,OPEN,GLOBAL-FLAG,N/A,N/A,ABLATION-RUN,OPEN,PASS-TOPOLOGY,MAJOR-FLAG,N/A,TOY-ONLY,OPEN,N/A,OPEN,MAJOR-FLAG,OPEN,OPEN,TOY-ONLY,CONDITIONAL,MAJOR-FLAG,N/A,PASS-ENGINEERING,OPEN,PASS-TOPOLOGY,PASS-REPAIR,OPEN,OPEN,MAJOR-FLAG,PASS-ENGINEERING,N/A,GLOBAL-ALERT,MAJOR-FLAG,N/A,TOY-ONLY,PASS-ENGINEERING,DISCIPLINE,OPEN,OPEN,TOY-ONLY,N/A,PASS-TOPOLOGY,TOY-ONLY
S-P-A,1,0,0E-1G-2X,FAIL,ALERT,PASS-STRUCTURAL,N/A,N/A,OPEN,FLAG,N/A,N/A,ABLATION-RUN,OPEN,PASS-TOPOLOGY,MAJOR-FLAG,N/A,TOY-ONLY,OPEN,N/A,OPEN,MAJOR-FLAG,OPEN,OPEN,TOY-ONLY,CONDITIONAL,MAJOR-FLAG,N/A,PASS-ENGINEERING,OPEN,PASS-TOPOLOGY,PASS-REPAIR,OPEN,OPEN,MAJOR-FLAG,PASS-ENGINEERING,N/A,ALERT,MAJOR-FLAG,N/A,TOY-ONLY,PASS-ENGINEERING,DISCIPLINE,OPEN,OPEN,TOY-ONLY,N/A,PASS-TOPOLOGY,TOY-ONLY
F-W-T,1,1,0E-0G-3X,PASS,CLEAR,PASS-STRUCTURAL,N/A,N/A,OPEN,GLOBAL-FLAG,N/A,N/A,ABLATION-RUN,OPEN,PASS-TOPOLOGY,MAJOR-FLAG,N/A,TOY-ONLY,OPEN,N/A,OPEN,MAJOR-FLAG,OPEN,OPEN,TOY-ONLY,CONDITIONAL,MAJOR-FLAG,N/A,PASS-ENGINEERING,OPEN,PASS-TOPOLOGY,PASS-REPAIR,OPEN,OPEN,MAJOR-FLAG,PASS-ENGINEERING,N/A,GLOBAL-ALERT,MAJOR-FLAG,N/A,TOY-ONLY,PASS-ENGINEERING,DISCIPLINE,OPEN,OPEN,TOY-ONLY,N/A,PASS-TOPOLOGY,TOY-ONLY
F-W-I,1,1,0E-0G-3X,PASS,CLEAR,PASS-STRUCTURAL,N/A,N/A,OPEN,GLOBAL-FLAG,N/A,N/A,ABLATION-RUN,OPEN,PASS-TOPOLOGY,MAJOR-FLAG,N/A,TOY-ONLY,OPEN,N/A,OPEN,MAJOR-FLAG,OPEN,OPEN,TOY-ONLY,CONDITIONAL,MAJOR-FLAG,N/A,PASS-ENGINEERING,OPEN,PASS-TOPOLOGY,PASS-REPAIR,OPEN,OPEN,MAJOR-FLAG,PASS-ENGINEERING,N/A,GLOBAL-ALERT,MAJOR-FLAG,N/A,TOY-ONLY,PASS-ENGINEERING,DISCIPLINE,OPEN,OPEN,TOY-ONLY,N/A,PASS-TOPOLOGY,TOY-ONLY
F-W-R,1,1,0E-0G-3X,PASS,CLEAR,PASS-STRUCTURAL,N/A,N/A,OPEN,GLOBAL-FLAG,N/A,N/A,ABLATION-RUN,OPEN,PASS-TOPOLOGY,MAJOR-FLAG,N/A,TOY-ONLY,OPEN,N/A,OPEN,MAJOR-FLAG,OPEN,OPEN,TOY-ONLY,CONDITIONAL,MAJOR-FLAG,N/A,PASS-ENGINEERING,OPEN,PASS-TOPOLOGY,PASS-REPAIR,OPEN,OPEN,MAJOR-FLAG,PASS-ENGINEERING,N/A,GLOBAL-ALERT,MAJOR-FLAG,N/A,TOY-ONLY,PASS-ENGINEERING,DISCIPLINE,OPEN,OPEN,TOY-ONLY,N/A,PASS-TOPOLOGY,TOY-ONLY
F-W-H,1,1,0E-0G-3X,PASS,CLEAR,PASS-STRUCTURAL,N/A,N/A,OPEN,GLOBAL-FLAG,N/A,N/A,ABLATION-RUN,OPEN,PASS-TOPOLOGY,MAJOR-FLAG,N/A,TOY-ONLY,OPEN,N/A,OPEN,MAJOR-FLAG,OPEN,OPEN,TOY-ONLY,CONDITIONAL,MAJOR-FLAG,N/A,PASS-ENGINEERING,OPEN,PASS-TOPOLOGY,PASS-REPAIR,OPEN,OPEN,MAJOR-FLAG,PASS-ENGINEERING,N/A,GLOBAL-ALERT,MAJOR-FLAG,N/A,TOY-ONLY,PASS-ENGINEERING,DISCIPLINE,OPEN,OPEN,TOY-ONLY,N/A,PASS-TOPOLOGY,TOY-ONLY
F-W-P,1,1,0E-0G-3X,PASS,CLEAR,PASS-STRUCTURAL,N/A,N/A,OPEN,GLOBAL-FLAG,N/A,N/A,ABLATION-RUN,OPEN,PASS-TOPOLOGY,MAJOR-FLAG,N/A,TOY-ONLY,OPEN,N/A,OPEN,MAJOR-FLAG,OPEN,OPEN,TOY-ONLY,CONDITIONAL,MAJOR-FLAG,N/A,PASS-ENGINEERING,OPEN,PASS-TOPOLOGY,PASS-REPAIR,OPEN,OPEN,MAJOR-FLAG,PASS-ENGINEERING,N/A,GLOBAL-ALERT,MAJOR-FLAG,N/A,TOY-ONLY,PASS-ENGINEERING,DISCIPLINE,OPEN,OPEN,TOY-ONLY,N/A,PASS-TOPOLOGY,TOY-ONLY
F-W-A,1,1,0E-0G-3X,PASS,CLEAR,PASS-STRUCTURAL,N/A,N/A,OPEN,GLOBAL-FLAG,N/A,N/A,ABLATION-RUN,OPEN,PASS-TOPOLOGY,MAJOR-FLAG,N/A,TOY-ONLY,OPEN,N/A,OPEN,MAJOR-FLAG,OPEN,OPEN,TOY-ONLY,CONDITIONAL,MAJOR-FLAG,N/A,PASS-ENGINEERING,OPEN,PASS-TOPOLOGY,PASS-REPAIR,OPEN,OPEN,MAJOR-FLAG,PASS-ENGINEERING,N/A,GLOBAL-ALERT,MAJOR-FLAG,N/A,TOY-ONLY,PASS-ENGINEERING,DISCIPLINE,OPEN,OPEN,TOY-ONLY,N/A,PASS-TOPOLOGY,TOY-ONLY
F-T-I,1,1,0E-0G-3X,PASS,CLEAR,PASS-STRUCTURAL,N/A,N/A,OPEN,GLOBAL-FLAG,N/A,N/A,ABLATION-RUN,OPEN,PASS-TOPOLOGY,MAJOR-FLAG,N/A,TOY-ONLY,OPEN,N/A,OPEN,MAJOR-FLAG,OPEN,OPEN,TOY-ONLY,CONDITIONAL,MAJOR-FLAG,N/A,PASS-ENGINEERING,OPEN,PASS-TOPOLOGY,PASS-REPAIR,OPEN,OPEN,MAJOR-FLAG,PASS-ENGINEERING,N/A,GLOBAL-ALERT,MAJOR-FLAG,N/A,TOY-ONLY,PASS-ENGINEERING,DISCIPLINE,OPEN,OPEN,TOY-ONLY,N/A,PASS-TOPOLOGY,TOY-ONLY
F-T-R,1,1,0E-0G-3X,PASS,CLEAR,PASS-STRUCTURAL,N/A,N/A,OPEN,GLOBAL-FLAG,N/A,N/A,ABLATION-RUN,OPEN,PASS-TOPOLOGY,MAJOR-FLAG,N/A,TOY-ONLY,OPEN,N/A,OPEN,MAJOR-FLAG,OPEN,OPEN,TOY-ONLY,CONDITIONAL,MAJOR-FLAG,N/A,PASS-ENGINEERING,OPEN,PASS-TOPOLOGY,PASS-REPAIR,OPEN,OPEN,MAJOR-FLAG,PASS-ENGINEERING,N/A,GLOBAL-ALERT,MAJOR-FLAG,N/A,TOY-ONLY,PASS-ENGINEERING,DISCIPLINE,OPEN,OPEN,TOY-ONLY,N/A,PASS-TOPOLOGY,TOY-ONLY
F-T-H,1,1,0E-0G-3X,PASS,CLEAR,PASS-STRUCTURAL,N/A,N/A,OPEN,GLOBAL-FLAG,N/A,N/A,ABLATION-RUN,OPEN,PASS-TOPOLOGY,MAJOR-FLAG,N/A,TOY-ONLY,OPEN,N/A,OPEN,MAJOR-FLAG,OPEN,OPEN,TOY-ONLY,CONDITIONAL,MAJOR-FLAG,N/A,PASS-ENGINEERING,OPEN,PASS-TOPOLOGY,PASS-REPAIR,OPEN,OPEN,MAJOR-FLAG,PASS-ENGINEERING,N/A,GLOBAL-ALERT,MAJOR-FLAG,N/A,TOY-ONLY,PASS-ENGINEERING,DISCIPLINE,OPEN,OPEN,TOY-ONLY,N/A,PASS-TOPOLOGY,TOY-ONLY
F-T-P,1,1,0E-0G-3X,PASS,CLEAR,PASS-STRUCTURAL,N/A,N/A,OPEN,GLOBAL-FLAG,N/A,N/A,ABLATION-RUN,OPEN,PASS-TOPOLOGY,MAJOR-FLAG,N/A,TOY-ONLY,OPEN,N/A,OPEN,MAJOR-FLAG,OPEN,OPEN,TOY-ONLY,CONDITIONAL,MAJOR-FLAG,N/A,PASS-ENGINEERING,OPEN,PASS-TOPOLOGY,PASS-REPAIR,OPEN,OPEN,MAJOR-FLAG,PASS-ENGINEERING,N/A,GLOBAL-ALERT,MAJOR-FLAG,N/A,TOY-ONLY,PASS-ENGINEERING,DISCIPLINE,OPEN,OPEN,TOY-ONLY,N/A,PASS-TOPOLOGY,TOY-ONLY
F-T-A,1,1,0E-0G-3X,PASS,CLEAR,PASS-STRUCTURAL,N/A,N/A,OPEN,GLOBAL-FLAG,N/A,N/A,ABLATION-RUN,OPEN,PASS-TOPOLOGY,MAJOR-FLAG,N/A,TOY-ONLY,OPEN,N/A,OPEN,MAJOR-FLAG,OPEN,OPEN,TOY-ONLY,CONDITIONAL,MAJOR-FLAG,N/A,PASS-ENGINEERING,OPEN,PASS-TOPOLOGY,PASS-REPAIR,OPEN,OPEN,MAJOR-FLAG,PASS-ENGINEERING,N/A,GLOBAL-ALERT,MAJOR-FLAG,N/A,TOY-ONLY,PASS-ENGINEERING,DISCIPLINE,OPEN,OPEN,TOY-ONLY,N/A,PASS-TOPOLOGY,TOY-ONLY
F-I-R,1,1,0E-0G-3X,PASS,CLEAR,PASS-STRUCTURAL,N/A,N/A,OPEN,GLOBAL-FLAG,N/A,N/A,ABLATION-RUN,OPEN,PASS-TOPOLOGY,MAJOR-FLAG,N/A,TOY-ONLY,OPEN,N/A,OPEN,MAJOR-FLAG,OPEN,OPEN,TOY-ONLY,CONDITIONAL,MAJOR-FLAG,N/A,PASS-ENGINEERING,OPEN,PASS-TOPOLOGY,PASS-REPAIR,OPEN,OPEN,MAJOR-FLAG,PASS-ENGINEERING,N/A,GLOBAL-ALERT,MAJOR-FLAG,N/A,TOY-ONLY,PASS-ENGINEERING,DISCIPLINE,OPEN,OPEN,TOY-ONLY,N/A,PASS-TOPOLOGY,TOY-ONLY
F-I-H,1,1,0E-0G-3X,PASS,CLEAR,PASS-STRUCTURAL,N/A,N/A,OPEN,GLOBAL-FLAG,N/A,N/A,ABLATION-RUN,OPEN,PASS-TOPOLOGY,MAJOR-FLAG,N/A,TOY-ONLY,OPEN,N/A,OPEN,MAJOR-FLAG,OPEN,OPEN,TOY-ONLY,CONDITIONAL,MAJOR-FLAG,N/A,PASS-ENGINEERING,OPEN,PASS-TOPOLOGY,PASS-REPAIR,OPEN,OPEN,MAJOR-FLAG,PASS-ENGINEERING,N/A,GLOBAL-ALERT,MAJOR-FLAG,N/A,TOY-ONLY,PASS-ENGINEERING,DISCIPLINE,OPEN,OPEN,TOY-ONLY,N/A,PASS-TOPOLOGY,TOY-ONLY
F-I-P,1,1,0E-0G-3X,PASS,CLEAR,PASS-STRUCTURAL,N/A,N/A,OPEN,GLOBAL-FLAG,N/A,N/A,ABLATION-RUN,OPEN,PASS-TOPOLOGY,MAJOR-FLAG,N/A,TOY-ONLY,OPEN,N/A,OPEN,MAJOR-FLAG,OPEN,OPEN,TOY-ONLY,CONDITIONAL,MAJOR-FLAG,N/A,PASS-ENGINEERING,OPEN,PASS-TOPOLOGY,PASS-REPAIR,OPEN,OPEN,MAJOR-FLAG,PASS-ENGINEERING,N/A,GLOBAL-ALERT,MAJOR-FLAG,N/A,TOY-ONLY,PASS-ENGINEERING,DISCIPLINE,OPEN,OPEN,TOY-ONLY,N/A,PASS-TOPOLOGY,TOY-ONLY
F-I-A,1,1,0E-0G-3X,PASS,CLEAR,PASS-STRUCTURAL,N/A,N/A,OPEN,GLOBAL-FLAG,N/A,N/A,ABLATION-RUN,OPEN,PASS-TOPOLOGY,MAJOR-FLAG,N/A,TOY-ONLY,OPEN,N/A,OPEN,MAJOR-FLAG,OPEN,OPEN,TOY-ONLY,CONDITIONAL,MAJOR-FLAG,N/A,PASS-ENGINEERING,OPEN,PASS-TOPOLOGY,PASS-REPAIR,OPEN,OPEN,MAJOR-FLAG,PASS-ENGINEERING,N/A,GLOBAL-ALERT,MAJOR-FLAG,N/A,TOY-ONLY,PASS-ENGINEERING,DISCIPLINE,OPEN,OPEN,TOY-ONLY,N/A,PASS-TOPOLOGY,TOY-ONLY
F-R-H,1,1,0E-0G-3X,PASS,CLEAR,PASS-STRUCTURAL,N/A,N/A,OPEN,GLOBAL-FLAG,N/A,N/A,ABLATION-RUN,OPEN,PASS-TOPOLOGY,MAJOR-FLAG,N/A,TOY-ONLY,OPEN,N/A,OPEN,MAJOR-FLAG,OPEN,OPEN,TOY-ONLY,CONDITIONAL,MAJOR-FLAG,N/A,PASS-ENGINEERING,OPEN,PASS-TOPOLOGY,PASS-REPAIR,OPEN,OPEN,MAJOR-FLAG,PASS-ENGINEERING,N/A,GLOBAL-ALERT,MAJOR-FLAG,N/A,TOY-ONLY,PASS-ENGINEERING,DISCIPLINE,OPEN,OPEN,TOY-ONLY,N/A,PASS-TOPOLOGY,TOY-ONLY
F-R-P,1,1,0E-0G-3X,PASS,CLEAR,PASS-STRUCTURAL,N/A,N/A,OPEN,GLOBAL-FLAG,N/A,N/A,ABLATION-RUN,OPEN,PASS-TOPOLOGY,MAJOR-FLAG,N/A,TOY-ONLY,OPEN,N/A,OPEN,MAJOR-FLAG,OPEN,OPEN,TOY-ONLY,CONDITIONAL,MAJOR-FLAG,N/A,PASS-ENGINEERING,OPEN,PASS-TOPOLOGY,PASS-REPAIR,OPEN,OPEN,MAJOR-FLAG,PASS-ENGINEERING,N/A,GLOBAL-ALERT,MAJOR-FLAG,N/A,TOY-ONLY,PASS-ENGINEERING,DISCIPLINE,OPEN,OPEN,TOY-ONLY,N/A,PASS-TOPOLOGY,TOY-ONLY
F-R-A,1,1,0E-0G-3X,PASS,CLEAR,PASS-STRUCTURAL,N/A,N/A,OPEN,GLOBAL-FLAG,N/A,N/A,ABLATION-RUN,OPEN,PASS-TOPOLOGY,MAJOR-FLAG,N/A,TOY-ONLY,OPEN,N/A,OPEN,MAJOR-FLAG,OPEN,OPEN,TOY-ONLY,CONDITIONAL,MAJOR-FLAG,N/A,PASS-ENGINEERING,OPEN,PASS-TOPOLOGY,PASS-REPAIR,OPEN,OPEN,MAJOR-FLAG,PASS-ENGINEERING,N/A,GLOBAL-ALERT,MAJOR-FLAG,N/A,TOY-ONLY,PASS-ENGINEERING,DISCIPLINE,OPEN,OPEN,TOY-ONLY,N/A,PASS-TOPOLOGY,TOY-ONLY
F-H-P,1,1,0E-0G-3X,PASS,CLEAR,PASS-STRUCTURAL,N/A,N/A,OPEN,GLOBAL-FLAG,N/A,N/A,ABLATION-RUN,OPEN,PASS-TOPOLOGY,MAJOR-FLAG,N/A,TOY-ONLY,OPEN,N/A,OPEN,MAJOR-FLAG,OPEN,OPEN,TOY-ONLY,CONDITIONAL,MAJOR-FLAG,N/A,PASS-ENGINEERING,OPEN,PASS-TOPOLOGY,PASS-REPAIR,OPEN,OPEN,MAJOR-FLAG,PASS-ENGINEERING,N/A,GLOBAL-ALERT,MAJOR-FLAG,N/A,TOY-ONLY,PASS-ENGINEERING,DISCIPLINE,OPEN,OPEN,TOY-ONLY,N/A,PASS-TOPOLOGY,TOY-ONLY
F-H-A,1,1,0E-0G-3X,PASS,CLEAR,PASS-STRUCTURAL,N/A,N/A,OPEN,GLOBAL-FLAG,N/A,N/A,ABLATION-RUN,OPEN,PASS-TOPOLOGY,MAJOR-FLAG,N/A,TOY-ONLY,OPEN,N/A,OPEN,MAJOR-FLAG,OPEN,OPEN,TOY-ONLY,CONDITIONAL,MAJOR-FLAG,N/A,PASS-ENGINEERING,OPEN,PASS-TOPOLOGY,PASS-REPAIR,OPEN,OPEN,MAJOR-FLAG,PASS-ENGINEERING,N/A,GLOBAL-ALERT,MAJOR-FLAG,N/A,TOY-ONLY,PASS-ENGINEERING,DISCIPLINE,OPEN,OPEN,TOY-ONLY,N/A,PASS-TOPOLOGY,TOY-ONLY
F-P-A,1,1,0E-0G-3X,PASS,CLEAR,PASS-STRUCTURAL,N/A,N/A,OPEN,GLOBAL-FLAG,N/A,N/A,ABLATION-RUN,OPEN,PASS-TOPOLOGY,MAJOR-FLAG,N/A,TOY-ONLY,OPEN,N/A,OPEN,MAJOR-FLAG,OPEN,OPEN,TOY-ONLY,CONDITIONAL,MAJOR-FLAG,N/A,PASS-ENGINEERING,OPEN,PASS-TOPOLOGY,PASS-REPAIR,OPEN,OPEN,MAJOR-FLAG,PASS-ENGINEERING,N/A,GLOBAL-ALERT,MAJOR-FLAG,N/A,TOY-ONLY,PASS-ENGINEERING,DISCIPLINE,OPEN,OPEN,TOY-ONLY,N/A,PASS-TOPOLOGY,TOY-ONLY
W-T-I,1,1,0E-0G-3X,PASS,CLEAR,PASS-STRUCTURAL,N/A,N/A,OPEN,GLOBAL-FLAG,N/A,N/A,ABLATION-RUN,OPEN,PASS-TOPOLOGY,MAJOR-FLAG,N/A,TOY-ONLY,OPEN,N/A,OPEN,MAJOR-FLAG,OPEN,OPEN,TOY-ONLY,CONDITIONAL,MAJOR-FLAG,N/A,PASS-ENGINEERING,OPEN,PASS-TOPOLOGY,PASS-REPAIR,OPEN,OPEN,MAJOR-FLAG,PASS-ENGINEERING,N/A,GLOBAL-ALERT,MAJOR-FLAG,N/A,TOY-ONLY,PASS-ENGINEERING,DISCIPLINE,OPEN,OPEN,TOY-ONLY,N/A,PASS-TOPOLOGY,TOY-ONLY
W-T-R,1,1,0E-0G-3X,PASS,CLEAR,PASS-STRUCTURAL,N/A,N/A,OPEN,GLOBAL-FLAG,N/A,N/A,ABLATION-RUN,OPEN,PASS-TOPOLOGY,MAJOR-FLAG,N/A,TOY-ONLY,OPEN,N/A,OPEN,MAJOR-FLAG,OPEN,OPEN,TOY-ONLY,CONDITIONAL,MAJOR-FLAG,N/A,PASS-ENGINEERING,OPEN,PASS-TOPOLOGY,PASS-REPAIR,OPEN,OPEN,MAJOR-FLAG,PASS-ENGINEERING,N/A,GLOBAL-ALERT,MAJOR-FLAG,N/A,TOY-ONLY,PASS-ENGINEERING,DISCIPLINE,OPEN,OPEN,TOY-ONLY,N/A,PASS-TOPOLOGY,TOY-ONLY
W-T-H,1,1,0E-0G-3X,PASS,CLEAR,PASS-STRUCTURAL,N/A,N/A,OPEN,GLOBAL-FLAG,N/A,N/A,ABLATION-RUN,OPEN,PASS-TOPOLOGY,MAJOR-FLAG,N/A,TOY-ONLY,OPEN,N/A,OPEN,MAJOR-FLAG,OPEN,OPEN,TOY-ONLY,CONDITIONAL,MAJOR-FLAG,N/A,PASS-ENGINEERING,OPEN,PASS-TOPOLOGY,PASS-REPAIR,OPEN,OPEN,MAJOR-FLAG,PASS-ENGINEERING,N/A,GLOBAL-ALERT,MAJOR-FLAG,N/A,TOY-ONLY,PASS-ENGINEERING,DISCIPLINE,OPEN,OPEN,TOY-ONLY,N/A,PASS-TOPOLOGY,TOY-ONLY
W-T-P,1,1,0E-0G-3X,PASS,CLEAR,PASS-STRUCTURAL,N/A,N/A,OPEN,GLOBAL-FLAG,N/A,N/A,ABLATION-RUN,OPEN,PASS-TOPOLOGY,MAJOR-FLAG,N/A,TOY-ONLY,OPEN,N/A,OPEN,MAJOR-FLAG,OPEN,OPEN,TOY-ONLY,CONDITIONAL,MAJOR-FLAG,N/A,PASS-ENGINEERING,OPEN,PASS-TOPOLOGY,PASS-REPAIR,OPEN,OPEN,MAJOR-FLAG,PASS-ENGINEERING,N/A,GLOBAL-ALERT,MAJOR-FLAG,N/A,TOY-ONLY,PASS-ENGINEERING,DISCIPLINE,OPEN,OPEN,TOY-ONLY,N/A,PASS-TOPOLOGY,TOY-ONLY
W-T-A,1,1,0E-0G-3X,PASS,CLEAR,PASS-STRUCTURAL,N/A,N/A,OPEN,GLOBAL-FLAG,N/A,N/A,ABLATION-RUN,OPEN,PASS-TOPOLOGY,MAJOR-FLAG,N/A,TOY-ONLY,OPEN,N/A,OPEN,MAJOR-FLAG,OPEN,OPEN,TOY-ONLY,CONDITIONAL,MAJOR-FLAG,N/A,PASS-ENGINEERING,OPEN,PASS-TOPOLOGY,PASS-REPAIR,OPEN,OPEN,MAJOR-FLAG,PASS-ENGINEERING,N/A,GLOBAL-ALERT,MAJOR-FLAG,N/A,TOY-ONLY,PASS-ENGINEERING,DISCIPLINE,OPEN,OPEN,TOY-ONLY,N/A,PASS-TOPOLOGY,TOY-ONLY
W-I-R,1,1,0E-0G-3X,PASS,CLEAR,PASS-STRUCTURAL,N/A,N/A,OPEN,GLOBAL-FLAG,N/A,N/A,ABLATION-RUN,OPEN,PASS-TOPOLOGY,MAJOR-FLAG,N/A,TOY-ONLY,OPEN,N/A,OPEN,MAJOR-FLAG,OPEN,OPEN,TOY-ONLY,CONDITIONAL,MAJOR-FLAG,N/A,PASS-ENGINEERING,OPEN,PASS-TOPOLOGY,PASS-REPAIR,OPEN,OPEN,MAJOR-FLAG,PASS-ENGINEERING,N/A,GLOBAL-ALERT,MAJOR-FLAG,N/A,TOY-ONLY,PASS-ENGINEERING,DISCIPLINE,OPEN,OPEN,TOY-ONLY,N/A,PASS-TOPOLOGY,TOY-ONLY
W-I-H,1,1,0E-0G-3X,PASS,CLEAR,PASS-STRUCTURAL,N/A,N/A,OPEN,GLOBAL-FLAG,N/A,N/A,ABLATION-RUN,OPEN,PASS-TOPOLOGY,MAJOR-FLAG,N/A,TOY-ONLY,OPEN,N/A,OPEN,MAJOR-FLAG,OPEN,OPEN,TOY-ONLY,CONDITIONAL,MAJOR-FLAG,N/A,PASS-ENGINEERING,OPEN,PASS-TOPOLOGY,PASS-REPAIR,OPEN,OPEN,MAJOR-FLAG,PASS-ENGINEERING,N/A,GLOBAL-ALERT,MAJOR-FLAG,N/A,TOY-ONLY,PASS-ENGINEERING,DISCIPLINE,OPEN,OPEN,TOY-ONLY,N/A,PASS-TOPOLOGY,TOY-ONLY
W-I-P,1,1,0E-0G-3X,PASS,CLEAR,PASS-STRUCTURAL,N/A,N/A,OPEN,GLOBAL-FLAG,N/A,N/A,ABLATION-RUN,OPEN,PASS-TOPOLOGY,MAJOR-FLAG,N/A,TOY-ONLY,OPEN,N/A,OPEN,MAJOR-FLAG,OPEN,OPEN,TOY-ONLY,CONDITIONAL,MAJOR-FLAG,N/A,PASS-ENGINEERING,OPEN,PASS-TOPOLOGY,PASS-REPAIR,OPEN,OPEN,MAJOR-FLAG,PASS-ENGINEERING,N/A,GLOBAL-ALERT,MAJOR-FLAG,N/A,TOY-ONLY,PASS-ENGINEERING,DISCIPLINE,OPEN,OPEN,TOY-ONLY,N/A,PASS-TOPOLOGY,TOY-ONLY
W-I-A,1,1,0E-0G-3X,PASS,CLEAR,PASS-STRUCTURAL,N/A,N/A,OPEN,GLOBAL-FLAG,N/A,N/A,ABLATION-RUN,OPEN,PASS-TOPOLOGY,MAJOR-FLAG,N/A,TOY-ONLY,OPEN,N/A,OPEN,MAJOR-FLAG,OPEN,OPEN,TOY-ONLY,CONDITIONAL,MAJOR-FLAG,N/A,PASS-ENGINEERING,OPEN,PASS-TOPOLOGY,PASS-REPAIR,OPEN,OPEN,MAJOR-FLAG,PASS-ENGINEERING,N/A,GLOBAL-ALERT,MAJOR-FLAG,N/A,TOY-ONLY,PASS-ENGINEERING,DISCIPLINE,OPEN,OPEN,TOY-ONLY,N/A,PASS-TOPOLOGY,TOY-ONLY
W-R-H,1,1,0E-0G-3X,PASS,CLEAR,PASS-STRUCTURAL,N/A,N/A,OPEN,GLOBAL-FLAG,N/A,N/A,ABLATION-RUN,OPEN,PASS-TOPOLOGY,MAJOR-FLAG,N/A,TOY-ONLY,OPEN,N/A,OPEN,MAJOR-FLAG,OPEN,OPEN,TOY-ONLY,CONDITIONAL,MAJOR-FLAG,N/A,PASS-ENGINEERING,OPEN,PASS-TOPOLOGY,PASS-REPAIR,OPEN,OPEN,MAJOR-FLAG,PASS-ENGINEERING,N/A,GLOBAL-ALERT,MAJOR-FLAG,N/A,TOY-ONLY,PASS-ENGINEERING,DISCIPLINE,OPEN,OPEN,TOY-ONLY,N/A,PASS-TOPOLOGY,TOY-ONLY
W-R-P,1,1,0E-0G-3X,PASS,CLEAR,PASS-STRUCTURAL,N/A,N/A,OPEN,GLOBAL-FLAG,N/A,N/A,ABLATION-RUN,OPEN,PASS-TOPOLOGY,MAJOR-FLAG,N/A,TOY-ONLY,OPEN,N/A,OPEN,MAJOR-FLAG,OPEN,OPEN,TOY-ONLY,CONDITIONAL,MAJOR-FLAG,N/A,PASS-ENGINEERING,OPEN,PASS-TOPOLOGY,PASS-REPAIR,OPEN,OPEN,MAJOR-FLAG,PASS-ENGINEERING,N/A,GLOBAL-ALERT,MAJOR-FLAG,N/A,TOY-ONLY,PASS-ENGINEERING,DISCIPLINE,OPEN,OPEN,TOY-ONLY,N/A,PASS-TOPOLOGY,TOY-ONLY
W-R-A,1,1,0E-0G-3X,PASS,CLEAR,PASS-STRUCTURAL,N/A,N/A,OPEN,GLOBAL-FLAG,N/A,N/A,ABLATION-RUN,OPEN,PASS-TOPOLOGY,MAJOR-FLAG,N/A,TOY-ONLY,OPEN,N/A,OPEN,MAJOR-FLAG,OPEN,OPEN,TOY-ONLY,CONDITIONAL,MAJOR-FLAG,N/A,PASS-ENGINEERING,OPEN,PASS-TOPOLOGY,PASS-REPAIR,OPEN,OPEN,MAJOR-FLAG,PASS-ENGINEERING,N/A,GLOBAL-ALERT,MAJOR-FLAG,N/A,TOY-ONLY,PASS-ENGINEERING,DISCIPLINE,OPEN,OPEN,TOY-ONLY,N/A,PASS-TOPOLOGY,TOY-ONLY
W-H-P,1,1,0E-0G-3X,PASS,CLEAR,PASS-STRUCTURAL,N/A,N/A,OPEN,GLOBAL-FLAG,N/A,N/A,ABLATION-RUN,OPEN,PASS-TOPOLOGY,MAJOR-FLAG,N/A,TOY-ONLY,OPEN,N/A,OPEN,MAJOR-FLAG,OPEN,OPEN,TOY-ONLY,CONDITIONAL,MAJOR-FLAG,N/A,PASS-ENGINEERING,OPEN,PASS-TOPOLOGY,PASS-REPAIR,OPEN,OPEN,MAJOR-FLAG,PASS-ENGINEERING,N/A,GLOBAL-ALERT,MAJOR-FLAG,N/A,TOY-ONLY,PASS-ENGINEERING,DISCIPLINE,OPEN,OPEN,TOY-ONLY,N/A,PASS-TOPOLOGY,TOY-ONLY
W-H-A,1,1,0E-0G-3X,PASS,CLEAR,PASS-STRUCTURAL,N/A,N/A,OPEN,GLOBAL-FLAG,N/A,N/A,ABLATION-RUN,OPEN,PASS-TOPOLOGY,MAJOR-FLAG,N/A,TOY-ONLY,OPEN,N/A,OPEN,MAJOR-FLAG,OPEN,OPEN,TOY-ONLY,CONDITIONAL,MAJOR-FLAG,N/A,PASS-ENGINEERING,OPEN,PASS-TOPOLOGY,PASS-REPAIR,OPEN,OPEN,MAJOR-FLAG,PASS-ENGINEERING,N/A,GLOBAL-ALERT,MAJOR-FLAG,N/A,TOY-ONLY,PASS-ENGINEERING,DISCIPLINE,OPEN,OPEN,TOY-ONLY,N/A,PASS-TOPOLOGY,TOY-ONLY
W-P-A,1,1,0E-0G-3X,PASS,CLEAR,PASS-STRUCTURAL,N/A,N/A,OPEN,GLOBAL-FLAG,N/A,N/A,ABLATION-RUN,OPEN,PASS-TOPOLOGY,MAJOR-FLAG,N/A,TOY-ONLY,OPEN,N/A,OPEN,MAJOR-FLAG,OPEN,OPEN,TOY-ONLY,CONDITIONAL,MAJOR-FLAG,N/A,PASS-ENGINEERING,OPEN,PASS-TOPOLOGY,PASS-REPAIR,OPEN,OPEN,MAJOR-FLAG,PASS-ENGINEERING,N/A,GLOBAL-ALERT,MAJOR-FLAG,N/A,TOY-ONLY,PASS-ENGINEERING,DISCIPLINE,OPEN,OPEN,TOY-ONLY,N/A,PASS-TOPOLOGY,TOY-ONLY
T-I-R,1,1,0E-0G-3X,PASS,CLEAR,PASS-STRUCTURAL,N/A,N/A,OPEN,GLOBAL-FLAG,N/A,N/A,ABLATION-RUN,OPEN,PASS-TOPOLOGY,MAJOR-FLAG,N/A,TOY-ONLY,OPEN,N/A,OPEN,MAJOR-FLAG,OPEN,OPEN,TOY-ONLY,CONDITIONAL,MAJOR-FLAG,N/A,PASS-ENGINEERING,OPEN,PASS-TOPOLOGY,PASS-REPAIR,OPEN,OPEN,MAJOR-FLAG,PASS-ENGINEERING,N/A,GLOBAL-ALERT,MAJOR-FLAG,N/A,TOY-ONLY,PASS-ENGINEERING,DISCIPLINE,OPEN,OPEN,TOY-ONLY,N/A,PASS-TOPOLOGY,TOY-ONLY
T-I-H,1,1,0E-0G-3X,PASS,CLEAR,PASS-STRUCTURAL,N/A,N/A,OPEN,GLOBAL-FLAG,N/A,N/A,ABLATION-RUN,OPEN,PASS-TOPOLOGY,MAJOR-FLAG,N/A,TOY-ONLY,OPEN,N/A,OPEN,MAJOR-FLAG,OPEN,OPEN,TOY-ONLY,CONDITIONAL,MAJOR-FLAG,N/A,PASS-ENGINEERING,OPEN,PASS-TOPOLOGY,PASS-REPAIR,OPEN,OPEN,MAJOR-FLAG,PASS-ENGINEERING,N/A,GLOBAL-ALERT,MAJOR-FLAG,N/A,TOY-ONLY,PASS-ENGINEERING,DISCIPLINE,OPEN,OPEN,TOY-ONLY,N/A,PASS-TOPOLOGY,TOY-ONLY
T-I-P,1,1,0E-0G-3X,PASS,CLEAR,PASS-STRUCTURAL,N/A,N/A,OPEN,GLOBAL-FLAG,N/A,N/A,ABLATION-RUN,OPEN,PASS-TOPOLOGY,MAJOR-FLAG,N/A,TOY-ONLY,OPEN,N/A,OPEN,MAJOR-FLAG,OPEN,OPEN,TOY-ONLY,CONDITIONAL,MAJOR-FLAG,N/A,PASS-ENGINEERING,OPEN,PASS-TOPOLOGY,PASS-REPAIR,OPEN,OPEN,MAJOR-FLAG,PASS-ENGINEERING,N/A,GLOBAL-ALERT,MAJOR-FLAG,N/A,TOY-ONLY,PASS-ENGINEERING,DISCIPLINE,OPEN,OPEN,TOY-ONLY,N/A,PASS-TOPOLOGY,TOY-ONLY
T-I-A,1,1,0E-0G-3X,PASS,CLEAR,PASS-STRUCTURAL,N/A,N/A,OPEN,GLOBAL-FLAG,N/A,N/A,ABLATION-RUN,OPEN,PASS-TOPOLOGY,MAJOR-FLAG,N/A,TOY-ONLY,OPEN,N/A,OPEN,MAJOR-FLAG,OPEN,OPEN,TOY-ONLY,CONDITIONAL,MAJOR-FLAG,N/A,PASS-ENGINEERING,OPEN,PASS-TOPOLOGY,PASS-REPAIR,OPEN,OPEN,MAJOR-FLAG,PASS-ENGINEERING,N/A,GLOBAL-ALERT,MAJOR-FLAG,N/A,TOY-ONLY,PASS-ENGINEERING,DISCIPLINE,OPEN,OPEN,TOY-ONLY,N/A,PASS-TOPOLOGY,TOY-ONLY
T-R-H,1,1,0E-0G-3X,PASS,CLEAR,PASS-STRUCTURAL,N/A,N/A,OPEN,GLOBAL-FLAG,N/A,N/A,ABLATION-RUN,OPEN,PASS-TOPOLOGY,MAJOR-FLAG,N/A,TOY-ONLY,OPEN,N/A,OPEN,MAJOR-FLAG,OPEN,OPEN,TOY-ONLY,CONDITIONAL,MAJOR-FLAG,N/A,PASS-ENGINEERING,OPEN,PASS-TOPOLOGY,PASS-REPAIR,OPEN,OPEN,MAJOR-FLAG,PASS-ENGINEERING,N/A,GLOBAL-ALERT,MAJOR-FLAG,N/A,TOY-ONLY,PASS-ENGINEERING,DISCIPLINE,OPEN,OPEN,TOY-ONLY,N/A,PASS-TOPOLOGY,TOY-ONLY
T-R-P,1,1,0E-0G-3X,PASS,CLEAR,PASS-STRUCTURAL,N/A,N/A,OPEN,GLOBAL-FLAG,N/A,N/A,ABLATION-RUN,OPEN,PASS-TOPOLOGY,MAJOR-FLAG,N/A,TOY-ONLY,OPEN,N/A,OPEN,MAJOR-FLAG,OPEN,OPEN,TOY-ONLY,CONDITIONAL,MAJOR-FLAG,N/A,PASS-ENGINEERING,OPEN,PASS-TOPOLOGY,PASS-REPAIR,OPEN,OPEN,MAJOR-FLAG,PASS-ENGINEERING,N/A,GLOBAL-ALERT,MAJOR-FLAG,N/A,TOY-ONLY,PASS-ENGINEERING,DISCIPLINE,OPEN,OPEN,TOY-ONLY,N/A,PASS-TOPOLOGY,TOY-ONLY
T-R-A,1,1,0E-0G-3X,PASS,CLEAR,PASS-STRUCTURAL,N/A,N/A,OPEN,GLOBAL-FLAG,N/A,N/A,ABLATION-RUN,OPEN,PASS-TOPOLOGY,MAJOR-FLAG,N/A,TOY-ONLY,OPEN,N/A,OPEN,MAJOR-FLAG,OPEN,OPEN,TOY-ONLY,CONDITIONAL,MAJOR-FLAG,N/A,PASS-ENGINEERING,OPEN,PASS-TOPOLOGY,PASS-REPAIR,OPEN,OPEN,MAJOR-FLAG,PASS-ENGINEERING,N/A,GLOBAL-ALERT,MAJOR-FLAG,N/A,TOY-ONLY,PASS-ENGINEERING,DISCIPLINE,OPEN,OPEN,TOY-ONLY,N/A,PASS-TOPOLOGY,TOY-ONLY
T-H-P,1,1,0E-0G-3X,PASS,CLEAR,PASS-STRUCTURAL,N/A,N/A,OPEN,GLOBAL-FLAG,N/A,N/A,ABLATION-RUN,OPEN,PASS-TOPOLOGY,MAJOR-FLAG,N/A,TOY-ONLY,OPEN,N/A,OPEN,MAJOR-FLAG,OPEN,OPEN,TOY-ONLY,CONDITIONAL,MAJOR-FLAG,N/A,PASS-ENGINEERING,OPEN,PASS-TOPOLOGY,PASS-REPAIR,OPEN,OPEN,MAJOR-FLAG,PASS-ENGINEERING,N/A,GLOBAL-ALERT,MAJOR-FLAG,N/A,TOY-ONLY,PASS-ENGINEERING,DISCIPLINE,OPEN,OPEN,TOY-ONLY,N/A,PASS-TOPOLOGY,TOY-ONLY
T-H-A,1,1,0E-0G-3X,PASS,CLEAR,PASS-STRUCTURAL,N/A,N/A,OPEN,GLOBAL-FLAG,N/A,N/A,ABLATION-RUN,OPEN,PASS-TOPOLOGY,MAJOR-FLAG,N/A,TOY-ONLY,OPEN,N/A,OPEN,MAJOR-FLAG,OPEN,OPEN,TOY-ONLY,CONDITIONAL,MAJOR-FLAG,N/A,PASS-ENGINEERING,OPEN,PASS-TOPOLOGY,PASS-REPAIR,OPEN,OPEN,MAJOR-FLAG,PASS-ENGINEERING,N/A,GLOBAL-ALERT,MAJOR-FLAG,N/A,TOY-ONLY,PASS-ENGINEERING,DISCIPLINE,OPEN,OPEN,TOY-ONLY,N/A,PASS-TOPOLOGY,TOY-ONLY
T-P-A,1,1,0E-0G-3X,PASS,CLEAR,PASS-STRUCTURAL,N/A,N/A,OPEN,GLOBAL-FLAG,N/A,N/A,ABLATION-RUN,OPEN,PASS-TOPOLOGY,MAJOR-FLAG,N/A,TOY-ONLY,OPEN,N/A,OPEN,MAJOR-FLAG,OPEN,OPEN,TOY-ONLY,CONDITIONAL,MAJOR-FLAG,N/A,PASS-ENGINEERING,OPEN,PASS-TOPOLOGY,PASS-REPAIR,OPEN,OPEN,MAJOR-FLAG,PASS-ENGINEERING,N/A,GLOBAL-ALERT,MAJOR-FLAG,N/A,TOY-ONLY,PASS-ENGINEERING,DISCIPLINE,OPEN,OPEN,TOY-ONLY,N/A,PASS-TOPOLOGY,TOY-ONLY
I-R-H,1,1,0E-0G-3X,PASS,CLEAR,PASS-STRUCTURAL,N/A,N/A,OPEN,GLOBAL-FLAG,N/A,N/A,ABLATION-RUN,OPEN,PASS-TOPOLOGY,MAJOR-FLAG,N/A,TOY-ONLY,OPEN,N/A,OPEN,MAJOR-FLAG,OPEN,OPEN,TOY-ONLY,CONDITIONAL,MAJOR-FLAG,N/A,PASS-ENGINEERING,OPEN,PASS-TOPOLOGY,PASS-REPAIR,OPEN,OPEN,MAJOR-FLAG,PASS-ENGINEERING,N/A,GLOBAL-ALERT,MAJOR-FLAG,N/A,TOY-ONLY,PASS-ENGINEERING,DISCIPLINE,OPEN,OPEN,TOY-ONLY,N/A,PASS-TOPOLOGY,TOY-ONLY
I-R-P,1,1,0E-0G-3X,PASS,CLEAR,PASS-STRUCTURAL,N/A,N/A,OPEN,GLOBAL-FLAG,N/A,N/A,ABLATION-RUN,OPEN,PASS-TOPOLOGY,MAJOR-FLAG,N/A,TOY-ONLY,OPEN,N/A,OPEN,MAJOR-FLAG,OPEN,OPEN,TOY-ONLY,CONDITIONAL,MAJOR-FLAG,N/A,PASS-ENGINEERING,OPEN,PASS-TOPOLOGY,PASS-REPAIR,OPEN,OPEN,MAJOR-FLAG,PASS-ENGINEERING,N/A,GLOBAL-ALERT,MAJOR-FLAG,N/A,TOY-ONLY,PASS-ENGINEERING,DISCIPLINE,OPEN,OPEN,TOY-ONLY,N/A,PASS-TOPOLOGY,TOY-ONLY
I-R-A,1,1,0E-0G-3X,PASS,CLEAR,PASS-STRUCTURAL,N/A,N/A,OPEN,GLOBAL-FLAG,N/A,N/A,ABLATION-RUN,OPEN,PASS-TOPOLOGY,MAJOR-FLAG,N/A,TOY-ONLY,OPEN,N/A,OPEN,MAJOR-FLAG,OPEN,OPEN,TOY-ONLY,CONDITIONAL,MAJOR-FLAG,N/A,PASS-ENGINEERING,OPEN,PASS-TOPOLOGY,PASS-REPAIR,OPEN,OPEN,MAJOR-FLAG,PASS-ENGINEERING,N/A,GLOBAL-ALERT,MAJOR-FLAG,N/A,TOY-ONLY,PASS-ENGINEERING,DISCIPLINE,OPEN,OPEN,TOY-ONLY,N/A,PASS-TOPOLOGY,TOY-ONLY
I-H-P,1,1,0E-0G-3X,PASS,CLEAR,PASS-STRUCTURAL,N/A,N/A,OPEN,GLOBAL-FLAG,N/A,N/A,ABLATION-RUN,OPEN,PASS-TOPOLOGY,MAJOR-FLAG,N/A,TOY-ONLY,OPEN,N/A,OPEN,MAJOR-FLAG,OPEN,OPEN,TOY-ONLY,CONDITIONAL,MAJOR-FLAG,N/A,PASS-ENGINEERING,OPEN,PASS-TOPOLOGY,PASS-REPAIR,OPEN,OPEN,MAJOR-FLAG,PASS-ENGINEERING,N/A,GLOBAL-ALERT,MAJOR-FLAG,N/A,TOY-ONLY,PASS-ENGINEERING,DISCIPLINE,OPEN,OPEN,TOY-ONLY,N/A,PASS-TOPOLOGY,TOY-ONLY
I-H-A,1,1,0E-0G-3X,PASS,CLEAR,PASS-STRUCTURAL,N/A,N/A,OPEN,GLOBAL-FLAG,N/A,N/A,ABLATION-RUN,OPEN,PASS-TOPOLOGY,MAJOR-FLAG,N/A,TOY-ONLY,OPEN,N/A,OPEN,MAJOR-FLAG,OPEN,OPEN,TOY-ONLY,CONDITIONAL,MAJOR-FLAG,N/A,PASS-ENGINEERING,OPEN,PASS-TOPOLOGY,PASS-REPAIR,OPEN,OPEN,MAJOR-FLAG,PASS-ENGINEERING,N/A,GLOBAL-ALERT,MAJOR-FLAG,N/A,TOY-ONLY,PASS-ENGINEERING,DISCIPLINE,OPEN,OPEN,TOY-ONLY,N/A,PASS-TOPOLOGY,TOY-ONLY
I-P-A,1,1,0E-0G-3X,PASS,CLEAR,PASS-STRUCTURAL,N/A,N/A,OPEN,GLOBAL-FLAG,N/A,N/A,ABLATION-RUN,OPEN,PASS-TOPOLOGY,MAJOR-FLAG,N/A,TOY-ONLY,OPEN,N/A,OPEN,MAJOR-FLAG,OPEN,OPEN,TOY-ONLY,CONDITIONAL,MAJOR-FLAG,N/A,PASS-ENGINEERING,OPEN,PASS-TOPOLOGY,PASS-REPAIR,OPEN,OPEN,MAJOR-FLAG,PASS-ENGINEERING,N/A,GLOBAL-ALERT,MAJOR-FLAG,N/A,TOY-ONLY,PASS-ENGINEERING,DISCIPLINE,OPEN,OPEN,TOY-ONLY,N/A,PASS-TOPOLOGY,TOY-ONLY
R-H-P,1,1,0E-0G-3X,PASS,CLEAR,PASS-STRUCTURAL,N/A,N/A,OPEN,GLOBAL-FLAG,N/A,N/A,ABLATION-RUN,OPEN,PASS-TOPOLOGY,MAJOR-FLAG,N/A,TOY-ONLY,OPEN,N/A,OPEN,MAJOR-FLAG,OPEN,OPEN,TOY-ONLY,CONDITIONAL,MAJOR-FLAG,N/A,PASS-ENGINEERING,OPEN,PASS-TOPOLOGY,PASS-REPAIR,OPEN,OPEN,MAJOR-FLAG,PASS-ENGINEERING,N/A,GLOBAL-ALERT,MAJOR-FLAG,N/A,TOY-ONLY,PASS-ENGINEERING,DISCIPLINE,OPEN,OPEN,TOY-ONLY,N/A,PASS-TOPOLOGY,TOY-ONLY
R-H-A,1,1,0E-0G-3X,PASS,CLEAR,PASS-STRUCTURAL,N/A,N/A,OPEN,GLOBAL-FLAG,N/A,N/A,ABLATION-RUN,OPEN,PASS-TOPOLOGY,MAJOR-FLAG,N/A,TOY-ONLY,OPEN,N/A,OPEN,MAJOR-FLAG,OPEN,OPEN,TOY-ONLY,CONDITIONAL,MAJOR-FLAG,N/A,PASS-ENGINEERING,OPEN,PASS-TOPOLOGY,PASS-REPAIR,OPEN,OPEN,MAJOR-FLAG,PASS-ENGINEERING,N/A,GLOBAL-ALERT,MAJOR-FLAG,N/A,TOY-ONLY,PASS-ENGINEERING,DISCIPLINE,OPEN,OPEN,TOY-ONLY,N/A,PASS-TOPOLOGY,TOY-ONLY
R-P-A,1,1,0E-0G-3X,PASS,CLEAR,PASS-STRUCTURAL,N/A,N/A,OPEN,GLOBAL-FLAG,N/A,N/A,ABLATION-RUN,OPEN,PASS-TOPOLOGY,MAJOR-FLAG,N/A,TOY-ONLY,OPEN,N/A,OPEN,MAJOR-FLAG,OPEN,OPEN,TOY-ONLY,CONDITIONAL,MAJOR-FLAG,N/A,PASS-ENGINEERING,OPEN,PASS-TOPOLOGY,PASS-REPAIR,OPEN,OPEN,MAJOR-FLAG,PASS-ENGINEERING,N/A,GLOBAL-ALERT,MAJOR-FLAG,N/A,TOY-ONLY,PASS-ENGINEERING,DISCIPLINE,OPEN,OPEN,TOY-ONLY,N/A,PASS-TOPOLOGY,TOY-ONLY
H-P-A,0,0,0E-0G-3X,FAIL,ALERT,PASS-STRUCTURAL,N/A,N/A,OPEN,FLAG,N/A,N/A,ABLATION-RUN,OPEN,PASS-TOPOLOGY,MAJOR-FLAG,N/A,TOY-ONLY,OPEN,N/A,OPEN,MAJOR-FLAG,OPEN,OPEN,TOY-ONLY,CONDITIONAL,MAJOR-FLAG,N/A,PASS-ENGINEERING,OPEN,PASS-TOPOLOGY,PASS-REPAIR,OPEN,OPEN,MAJOR-FLAG,PASS-ENGINEERING,N/A,ALERT,MAJOR-FLAG,N/A,TOY-ONLY,PASS-ENGINEERING,DISCIPLINE,OPEN,OPEN,TOY-ONLY,N/A,PASS-TOPOLOGY,TOY-ONLY
